Analysis & Synthesis report for UART_Top
Fri Aug 07 19:46:15 2026
Quartus Prime Version 16.1.0 Build 196 10/24/2016 SJ Lite Edition


---------------------
; Table of Contents ;
---------------------
  1. Legal Notice
  2. Analysis & Synthesis Summary
  3. Analysis & Synthesis Settings
  4. Parallel Compilation
  5. Analysis & Synthesis Source Files Read
  6. Analysis & Synthesis Resource Usage Summary
  7. Analysis & Synthesis Resource Utilization by Entity
  8. Analysis & Synthesis RAM Summary
  9. Analysis & Synthesis IP Cores Summary
 10. State Machine - |UART_Top|UART_RX:RX_INST|state
 11. State Machine - |UART_Top|UART_TX:TX_INST|state
 12. Registers Removed During Synthesis
 13. General Register Statistics
 14. Inverted Register Statistics
 15. Multiplexer Restructuring Statistics (Restructuring Performed)
 16. Source assignments for sld_signaltap:auto_signaltap_0
 17. Parameter Settings for Inferred Entity Instance: sld_signaltap:auto_signaltap_0
 18. Port Connectivity Checks: "UART_RX:RX_INST"
 19. Port Connectivity Checks: "UART_TX:TX_INST"
 20. SignalTap II Logic Analyzer Settings
 21. Post-Synthesis Netlist Statistics for Top Partition
 22. Elapsed Time Per Partition
 23. Connections to In-System Debugging Instance "auto_signaltap_0"
 24. Analysis & Synthesis Messages



----------------
; Legal Notice ;
----------------
Copyright (C) 2016  Intel Corporation. All rights reserved.
Your use of Intel Corporation's design tools, logic functions 
and other software and tools, and its AMPP partner logic 
functions, and any output files from any of the foregoing 
(including device programming or simulation files), and any 
associated documentation or information are expressly subject 
to the terms and conditions of the Intel Program License 
Subscription Agreement, the Intel Quartus Prime License Agreement,
the Intel MegaCore Function License Agreement, or other 
applicable license agreement, including, without limitation, 
that your use is for the sole purpose of programming logic 
devices manufactured by Intel and sold by Intel or its 
authorized distributors.  Please refer to the applicable 
agreement for further details.



+----------------------------------------------------------------------------------+
; Analysis & Synthesis Summary                                                     ;
+------------------------------------+---------------------------------------------+
; Analysis & Synthesis Status        ; Successful - Fri Aug 07 19:46:15 2026       ;
; Quartus Prime Version              ; 16.1.0 Build 196 10/24/2016 SJ Lite Edition ;
; Revision Name                      ; UART_Top                                    ;
; Top-level Entity Name              ; UART_Top                                    ;
; Family                             ; MAX 10                                      ;
; Total logic elements               ; 987                                         ;
;     Total combinational functions  ; 728                                         ;
;     Dedicated logic registers      ; 677                                         ;
; Total registers                    ; 677                                         ;
; Total pins                         ; 12                                          ;
; Total virtual pins                 ; 0                                           ;
; Total memory bits                  ; 524,288                                     ;
; Embedded Multiplier 9-bit elements ; 0                                           ;
; Total PLLs                         ; 0                                           ;
; UFM blocks                         ; 0                                           ;
; ADC blocks                         ; 0                                           ;
+------------------------------------+---------------------------------------------+


+----------------------------------------------------------------------------------------------------------------------+
; Analysis & Synthesis Settings                                                                                        ;
+----------------------------------------------------------------------------+--------------------+--------------------+
; Option                                                                     ; Setting            ; Default Value      ;
+----------------------------------------------------------------------------+--------------------+--------------------+
; Device                                                                     ; 10M50DAF484C7G     ;                    ;
; Top-level entity name                                                      ; UART_Top           ; UART_Top           ;
; Family name                                                                ; MAX 10             ; Cyclone V          ;
; Use smart compilation                                                      ; Off                ; Off                ;
; Enable parallel Assembler and TimeQuest Timing Analyzer during compilation ; On                 ; On                 ;
; Enable compact report table                                                ; Off                ; Off                ;
; Restructure Multiplexers                                                   ; Auto               ; Auto               ;
; Create Debugging Nodes for IP Cores                                        ; Off                ; Off                ;
; Preserve fewer node names                                                  ; On                 ; On                 ;
; OpenCore Plus hardware evaluation                                          ; Enable             ; Enable             ;
; Verilog Version                                                            ; Verilog_2001       ; Verilog_2001       ;
; VHDL Version                                                               ; VHDL_1993          ; VHDL_1993          ;
; State Machine Processing                                                   ; Auto               ; Auto               ;
; Safe State Machine                                                         ; Off                ; Off                ;
; Extract Verilog State Machines                                             ; On                 ; On                 ;
; Extract VHDL State Machines                                                ; On                 ; On                 ;
; Ignore Verilog initial constructs                                          ; Off                ; Off                ;
; Iteration limit for constant Verilog loops                                 ; 5000               ; 5000               ;
; Iteration limit for non-constant Verilog loops                             ; 250                ; 250                ;
; Add Pass-Through Logic to Inferred RAMs                                    ; On                 ; On                 ;
; Infer RAMs from Raw Logic                                                  ; On                 ; On                 ;
; Parallel Synthesis                                                         ; On                 ; On                 ;
; DSP Block Balancing                                                        ; Auto               ; Auto               ;
; NOT Gate Push-Back                                                         ; On                 ; On                 ;
; Power-Up Don't Care                                                        ; On                 ; On                 ;
; Remove Redundant Logic Cells                                               ; Off                ; Off                ;
; Remove Duplicate Registers                                                 ; On                 ; On                 ;
; Ignore CARRY Buffers                                                       ; Off                ; Off                ;
; Ignore CASCADE Buffers                                                     ; Off                ; Off                ;
; Ignore GLOBAL Buffers                                                      ; Off                ; Off                ;
; Ignore ROW GLOBAL Buffers                                                  ; Off                ; Off                ;
; Ignore LCELL Buffers                                                       ; Off                ; Off                ;
; Ignore SOFT Buffers                                                        ; On                 ; On                 ;
; Limit AHDL Integers to 32 Bits                                             ; Off                ; Off                ;
; Optimization Technique                                                     ; Balanced           ; Balanced           ;
; Carry Chain Length                                                         ; 70                 ; 70                 ;
; Auto Carry Chains                                                          ; On                 ; On                 ;
; Auto Open-Drain Pins                                                       ; On                 ; On                 ;
; Perform WYSIWYG Primitive Resynthesis                                      ; Off                ; Off                ;
; Auto ROM Replacement                                                       ; On                 ; On                 ;
; Auto RAM Replacement                                                       ; On                 ; On                 ;
; Auto DSP Block Replacement                                                 ; On                 ; On                 ;
; Auto Shift Register Replacement                                            ; Auto               ; Auto               ;
; Allow Shift Register Merging across Hierarchies                            ; Auto               ; Auto               ;
; Auto Clock Enable Replacement                                              ; On                 ; On                 ;
; Strict RAM Replacement                                                     ; Off                ; Off                ;
; Allow Synchronous Control Signals                                          ; On                 ; On                 ;
; Force Use of Synchronous Clear Signals                                     ; Off                ; Off                ;
; Auto RAM Block Balancing                                                   ; On                 ; On                 ;
; Auto RAM to Logic Cell Conversion                                          ; Off                ; Off                ;
; Auto Resource Sharing                                                      ; Off                ; Off                ;
; Allow Any RAM Size For Recognition                                         ; Off                ; Off                ;
; Allow Any ROM Size For Recognition                                         ; Off                ; Off                ;
; Allow Any Shift Register Size For Recognition                              ; Off                ; Off                ;
; Use LogicLock Constraints during Resource Balancing                        ; On                 ; On                 ;
; Ignore translate_off and synthesis_off directives                          ; Off                ; Off                ;
; Timing-Driven Synthesis                                                    ; On                 ; On                 ;
; Report Parameter Settings                                                  ; On                 ; On                 ;
; Report Source Assignments                                                  ; On                 ; On                 ;
; Report Connectivity Checks                                                 ; On                 ; On                 ;
; Ignore Maximum Fan-Out Assignments                                         ; Off                ; Off                ;
; Synchronization Register Chain Length                                      ; 2                  ; 2                  ;
; PowerPlay Power Optimization During Synthesis                              ; Normal compilation ; Normal compilation ;
; HDL message level                                                          ; Level2             ; Level2             ;
; Suppress Register Optimization Related Messages                            ; Off                ; Off                ;
; Number of Removed Registers Reported in Synthesis Report                   ; 5000               ; 5000               ;
; Number of Swept Nodes Reported in Synthesis Report                         ; 5000               ; 5000               ;
; Number of Inverted Registers Reported in Synthesis Report                  ; 100                ; 100                ;
; Clock MUX Protection                                                       ; On                 ; On                 ;
; Auto Gated Clock Conversion                                                ; Off                ; Off                ;
; Block Design Naming                                                        ; Auto               ; Auto               ;
; SDC constraint protection                                                  ; Off                ; Off                ;
; Synthesis Effort                                                           ; Auto               ; Auto               ;
; Shift Register Replacement - Allow Asynchronous Clear Signal               ; On                 ; On                 ;
; Pre-Mapping Resynthesis Optimization                                       ; Off                ; Off                ;
; Analysis & Synthesis Message Level                                         ; Medium             ; Medium             ;
; Disable Register Merging Across Hierarchies                                ; Auto               ; Auto               ;
; Resource Aware Inference For Block RAM                                     ; On                 ; On                 ;
+----------------------------------------------------------------------------+--------------------+--------------------+


+------------------------------------------+
; Parallel Compilation                     ;
+----------------------------+-------------+
; Processors                 ; Number      ;
+----------------------------+-------------+
; Number detected on machine ; 8           ;
; Maximum allowed            ; 4           ;
;                            ;             ;
; Average used               ; 1.00        ;
; Maximum used               ; 4           ;
;                            ;             ;
; Usage by Processor         ; % Time Used ;
;     Processor 1            ; 100.0%      ;
;     Processors 2-4         ;   0.0%      ;
+----------------------------+-------------+


+------------------------------------------------------------------------------------------------------------------------------------------------------------------------------------------------------------------------------------------------------------------------------------------------------+
; Analysis & Synthesis Source Files Read                                                                                                                                                                                                                                                               ;
+--------------------------------------------------------------------+-----------------+----------------------------------------------+--------------------------------------------------------------------------------------------------------------------------------------------------+-------------+
; File Name with User-Entered Path                                   ; Used in Netlist ; File Type                                    ; File Name with Absolute Path                                                                                                                     ; Library     ;
+--------------------------------------------------------------------+-----------------+----------------------------------------------+--------------------------------------------------------------------------------------------------------------------------------------------------+-------------+
; UART_RX.vhd                                                        ; yes             ; User VHDL File                               ; C:/DE-10-Lite-MAX10-FPGA/DE-10-Lite-MAX10-FPGA/Projects/09_UART_Communication/UART_RX.vhd                                                        ;             ;
; UART_TX.vhd                                                        ; yes             ; User VHDL File                               ; C:/DE-10-Lite-MAX10-FPGA/DE-10-Lite-MAX10-FPGA/Projects/09_UART_Communication/UART_TX.vhd                                                        ;             ;
; UART_Top.vhd                                                       ; yes             ; User VHDL File                               ; C:/DE-10-Lite-MAX10-FPGA/DE-10-Lite-MAX10-FPGA/Projects/09_UART_Communication/UART_Top.vhd                                                       ;             ;
; baud_generator.vhd                                                 ; yes             ; User VHDL File                               ; C:/DE-10-Lite-MAX10-FPGA/DE-10-Lite-MAX10-FPGA/Projects/09_UART_Communication/baud_generator.vhd                                                 ;             ;
; sld_signaltap.vhd                                                  ; yes             ; Megafunction                                 ; c:/intelfpga_lite/16.1/quartus/libraries/megafunctions/sld_signaltap.vhd                                                                         ;             ;
; sld_signaltap_impl.vhd                                             ; yes             ; Encrypted Megafunction                       ; c:/intelfpga_lite/16.1/quartus/libraries/megafunctions/sld_signaltap_impl.vhd                                                                    ;             ;
; sld_ela_control.vhd                                                ; yes             ; Encrypted Megafunction                       ; c:/intelfpga_lite/16.1/quartus/libraries/megafunctions/sld_ela_control.vhd                                                                       ;             ;
; lpm_shiftreg.tdf                                                   ; yes             ; Megafunction                                 ; c:/intelfpga_lite/16.1/quartus/libraries/megafunctions/lpm_shiftreg.tdf                                                                          ;             ;
; lpm_constant.inc                                                   ; yes             ; Megafunction                                 ; c:/intelfpga_lite/16.1/quartus/libraries/megafunctions/lpm_constant.inc                                                                          ;             ;
; dffeea.inc                                                         ; yes             ; Megafunction                                 ; c:/intelfpga_lite/16.1/quartus/libraries/megafunctions/dffeea.inc                                                                                ;             ;
; aglobal161.inc                                                     ; yes             ; Megafunction                                 ; c:/intelfpga_lite/16.1/quartus/libraries/megafunctions/aglobal161.inc                                                                            ;             ;
; sld_mbpmg.vhd                                                      ; yes             ; Encrypted Megafunction                       ; c:/intelfpga_lite/16.1/quartus/libraries/megafunctions/sld_mbpmg.vhd                                                                             ;             ;
; sld_ela_trigger_flow_mgr.vhd                                       ; yes             ; Encrypted Megafunction                       ; c:/intelfpga_lite/16.1/quartus/libraries/megafunctions/sld_ela_trigger_flow_mgr.vhd                                                              ;             ;
; sld_buffer_manager.vhd                                             ; yes             ; Encrypted Megafunction                       ; c:/intelfpga_lite/16.1/quartus/libraries/megafunctions/sld_buffer_manager.vhd                                                                    ;             ;
; altsyncram.tdf                                                     ; yes             ; Megafunction                                 ; c:/intelfpga_lite/16.1/quartus/libraries/megafunctions/altsyncram.tdf                                                                            ;             ;
; stratix_ram_block.inc                                              ; yes             ; Megafunction                                 ; c:/intelfpga_lite/16.1/quartus/libraries/megafunctions/stratix_ram_block.inc                                                                     ;             ;
; lpm_mux.inc                                                        ; yes             ; Megafunction                                 ; c:/intelfpga_lite/16.1/quartus/libraries/megafunctions/lpm_mux.inc                                                                               ;             ;
; lpm_decode.inc                                                     ; yes             ; Megafunction                                 ; c:/intelfpga_lite/16.1/quartus/libraries/megafunctions/lpm_decode.inc                                                                            ;             ;
; a_rdenreg.inc                                                      ; yes             ; Megafunction                                 ; c:/intelfpga_lite/16.1/quartus/libraries/megafunctions/a_rdenreg.inc                                                                             ;             ;
; altrom.inc                                                         ; yes             ; Megafunction                                 ; c:/intelfpga_lite/16.1/quartus/libraries/megafunctions/altrom.inc                                                                                ;             ;
; altram.inc                                                         ; yes             ; Megafunction                                 ; c:/intelfpga_lite/16.1/quartus/libraries/megafunctions/altram.inc                                                                                ;             ;
; altdpram.inc                                                       ; yes             ; Megafunction                                 ; c:/intelfpga_lite/16.1/quartus/libraries/megafunctions/altdpram.inc                                                                              ;             ;
; db/altsyncram_so14.tdf                                             ; yes             ; Auto-Generated Megafunction                  ; C:/DE-10-Lite-MAX10-FPGA/DE-10-Lite-MAX10-FPGA/Projects/09_UART_Communication/db/altsyncram_so14.tdf                                             ;             ;
; db/decode_19a.tdf                                                  ; yes             ; Auto-Generated Megafunction                  ; C:/DE-10-Lite-MAX10-FPGA/DE-10-Lite-MAX10-FPGA/Projects/09_UART_Communication/db/decode_19a.tdf                                                  ;             ;
; db/mux_d3b.tdf                                                     ; yes             ; Auto-Generated Megafunction                  ; C:/DE-10-Lite-MAX10-FPGA/DE-10-Lite-MAX10-FPGA/Projects/09_UART_Communication/db/mux_d3b.tdf                                                     ;             ;
; altdpram.tdf                                                       ; yes             ; Megafunction                                 ; c:/intelfpga_lite/16.1/quartus/libraries/megafunctions/altdpram.tdf                                                                              ;             ;
; memmodes.inc                                                       ; yes             ; Megafunction                                 ; c:/intelfpga_lite/16.1/quartus/libraries/others/maxplus2/memmodes.inc                                                                            ;             ;
; a_hdffe.inc                                                        ; yes             ; Megafunction                                 ; c:/intelfpga_lite/16.1/quartus/libraries/megafunctions/a_hdffe.inc                                                                               ;             ;
; alt_le_rden_reg.inc                                                ; yes             ; Megafunction                                 ; c:/intelfpga_lite/16.1/quartus/libraries/megafunctions/alt_le_rden_reg.inc                                                                       ;             ;
; altsyncram.inc                                                     ; yes             ; Megafunction                                 ; c:/intelfpga_lite/16.1/quartus/libraries/megafunctions/altsyncram.inc                                                                            ;             ;
; lpm_mux.tdf                                                        ; yes             ; Megafunction                                 ; c:/intelfpga_lite/16.1/quartus/libraries/megafunctions/lpm_mux.tdf                                                                               ;             ;
; muxlut.inc                                                         ; yes             ; Megafunction                                 ; c:/intelfpga_lite/16.1/quartus/libraries/megafunctions/muxlut.inc                                                                                ;             ;
; bypassff.inc                                                       ; yes             ; Megafunction                                 ; c:/intelfpga_lite/16.1/quartus/libraries/megafunctions/bypassff.inc                                                                              ;             ;
; altshift.inc                                                       ; yes             ; Megafunction                                 ; c:/intelfpga_lite/16.1/quartus/libraries/megafunctions/altshift.inc                                                                              ;             ;
; db/mux_k7c.tdf                                                     ; yes             ; Auto-Generated Megafunction                  ; C:/DE-10-Lite-MAX10-FPGA/DE-10-Lite-MAX10-FPGA/Projects/09_UART_Communication/db/mux_k7c.tdf                                                     ;             ;
; lpm_decode.tdf                                                     ; yes             ; Megafunction                                 ; c:/intelfpga_lite/16.1/quartus/libraries/megafunctions/lpm_decode.tdf                                                                            ;             ;
; declut.inc                                                         ; yes             ; Megafunction                                 ; c:/intelfpga_lite/16.1/quartus/libraries/megafunctions/declut.inc                                                                                ;             ;
; lpm_compare.inc                                                    ; yes             ; Megafunction                                 ; c:/intelfpga_lite/16.1/quartus/libraries/megafunctions/lpm_compare.inc                                                                           ;             ;
; db/decode_3af.tdf                                                  ; yes             ; Auto-Generated Megafunction                  ; C:/DE-10-Lite-MAX10-FPGA/DE-10-Lite-MAX10-FPGA/Projects/09_UART_Communication/db/decode_3af.tdf                                                  ;             ;
; lpm_counter.tdf                                                    ; yes             ; Megafunction                                 ; c:/intelfpga_lite/16.1/quartus/libraries/megafunctions/lpm_counter.tdf                                                                           ;             ;
; lpm_add_sub.inc                                                    ; yes             ; Megafunction                                 ; c:/intelfpga_lite/16.1/quartus/libraries/megafunctions/lpm_add_sub.inc                                                                           ;             ;
; cmpconst.inc                                                       ; yes             ; Megafunction                                 ; c:/intelfpga_lite/16.1/quartus/libraries/megafunctions/cmpconst.inc                                                                              ;             ;
; lpm_counter.inc                                                    ; yes             ; Megafunction                                 ; c:/intelfpga_lite/16.1/quartus/libraries/megafunctions/lpm_counter.inc                                                                           ;             ;
; alt_counter_stratix.inc                                            ; yes             ; Megafunction                                 ; c:/intelfpga_lite/16.1/quartus/libraries/megafunctions/alt_counter_stratix.inc                                                                   ;             ;
; db/cntr_gph.tdf                                                    ; yes             ; Auto-Generated Megafunction                  ; C:/DE-10-Lite-MAX10-FPGA/DE-10-Lite-MAX10-FPGA/Projects/09_UART_Communication/db/cntr_gph.tdf                                                    ;             ;
; db/cntr_cni.tdf                                                    ; yes             ; Auto-Generated Megafunction                  ; C:/DE-10-Lite-MAX10-FPGA/DE-10-Lite-MAX10-FPGA/Projects/09_UART_Communication/db/cntr_cni.tdf                                                    ;             ;
; db/cntr_8rh.tdf                                                    ; yes             ; Auto-Generated Megafunction                  ; C:/DE-10-Lite-MAX10-FPGA/DE-10-Lite-MAX10-FPGA/Projects/09_UART_Communication/db/cntr_8rh.tdf                                                    ;             ;
; db/cmpr_irb.tdf                                                    ; yes             ; Auto-Generated Megafunction                  ; C:/DE-10-Lite-MAX10-FPGA/DE-10-Lite-MAX10-FPGA/Projects/09_UART_Communication/db/cmpr_irb.tdf                                                    ;             ;
; db/cntr_odi.tdf                                                    ; yes             ; Auto-Generated Megafunction                  ; C:/DE-10-Lite-MAX10-FPGA/DE-10-Lite-MAX10-FPGA/Projects/09_UART_Communication/db/cntr_odi.tdf                                                    ;             ;
; db/cmpr_drb.tdf                                                    ; yes             ; Auto-Generated Megafunction                  ; C:/DE-10-Lite-MAX10-FPGA/DE-10-Lite-MAX10-FPGA/Projects/09_UART_Communication/db/cmpr_drb.tdf                                                    ;             ;
; sld_rom_sr.vhd                                                     ; yes             ; Encrypted Megafunction                       ; c:/intelfpga_lite/16.1/quartus/libraries/megafunctions/sld_rom_sr.vhd                                                                            ;             ;
; sld_jtag_endpoint_adapter.vhd                                      ; yes             ; Encrypted Megafunction                       ; c:/intelfpga_lite/16.1/quartus/libraries/megafunctions/sld_jtag_endpoint_adapter.vhd                                                             ;             ;
; sld_jtag_endpoint_adapter_impl.sv                                  ; yes             ; Encrypted Megafunction                       ; c:/intelfpga_lite/16.1/quartus/libraries/megafunctions/sld_jtag_endpoint_adapter_impl.sv                                                         ;             ;
; sld_hub.vhd                                                        ; yes             ; Encrypted Megafunction                       ; c:/intelfpga_lite/16.1/quartus/libraries/megafunctions/sld_hub.vhd                                                                               ; altera_sld  ;
; db/ip/sldde1fd1b8/alt_sld_fab.v                                    ; yes             ; Encrypted Auto-Found Verilog HDL File        ; C:/DE-10-Lite-MAX10-FPGA/DE-10-Lite-MAX10-FPGA/Projects/09_UART_Communication/db/ip/sldde1fd1b8/alt_sld_fab.v                                    ; alt_sld_fab ;
; db/ip/sldde1fd1b8/submodules/alt_sld_fab_alt_sld_fab.v             ; yes             ; Encrypted Auto-Found Verilog HDL File        ; C:/DE-10-Lite-MAX10-FPGA/DE-10-Lite-MAX10-FPGA/Projects/09_UART_Communication/db/ip/sldde1fd1b8/submodules/alt_sld_fab_alt_sld_fab.v             ; alt_sld_fab ;
; db/ip/sldde1fd1b8/submodules/alt_sld_fab_alt_sld_fab_ident.sv      ; yes             ; Auto-Found SystemVerilog HDL File            ; C:/DE-10-Lite-MAX10-FPGA/DE-10-Lite-MAX10-FPGA/Projects/09_UART_Communication/db/ip/sldde1fd1b8/submodules/alt_sld_fab_alt_sld_fab_ident.sv      ; alt_sld_fab ;
; db/ip/sldde1fd1b8/submodules/alt_sld_fab_alt_sld_fab_presplit.sv   ; yes             ; Encrypted Auto-Found SystemVerilog HDL File  ; C:/DE-10-Lite-MAX10-FPGA/DE-10-Lite-MAX10-FPGA/Projects/09_UART_Communication/db/ip/sldde1fd1b8/submodules/alt_sld_fab_alt_sld_fab_presplit.sv   ; alt_sld_fab ;
; db/ip/sldde1fd1b8/submodules/alt_sld_fab_alt_sld_fab_sldfabric.vhd ; yes             ; Encrypted Auto-Found VHDL File               ; C:/DE-10-Lite-MAX10-FPGA/DE-10-Lite-MAX10-FPGA/Projects/09_UART_Communication/db/ip/sldde1fd1b8/submodules/alt_sld_fab_alt_sld_fab_sldfabric.vhd ; alt_sld_fab ;
; db/ip/sldde1fd1b8/submodules/alt_sld_fab_alt_sld_fab_splitter.sv   ; yes             ; Encrypted Auto-Found SystemVerilog HDL File  ; C:/DE-10-Lite-MAX10-FPGA/DE-10-Lite-MAX10-FPGA/Projects/09_UART_Communication/db/ip/sldde1fd1b8/submodules/alt_sld_fab_alt_sld_fab_splitter.sv   ; alt_sld_fab ;
; sld_jtag_hub.vhd                                                   ; yes             ; Encrypted Megafunction                       ; c:/intelfpga_lite/16.1/quartus/libraries/megafunctions/sld_jtag_hub.vhd                                                                          ;             ;
+--------------------------------------------------------------------+-----------------+----------------------------------------------+--------------------------------------------------------------------------------------------------------------------------------------------------+-------------+


+------------------------------------------------------------------------+
; Analysis & Synthesis Resource Usage Summary                            ;
+---------------------------------------------+--------------------------+
; Resource                                    ; Usage                    ;
+---------------------------------------------+--------------------------+
; Estimated Total logic elements              ; 987                      ;
;                                             ;                          ;
; Total combinational functions               ; 728                      ;
; Logic element usage by number of LUT inputs ;                          ;
;     -- 4 input functions                    ; 303                      ;
;     -- 3 input functions                    ; 199                      ;
;     -- <=2 input functions                  ; 226                      ;
;                                             ;                          ;
; Logic elements by mode                      ;                          ;
;     -- normal mode                          ; 579                      ;
;     -- arithmetic mode                      ; 149                      ;
;                                             ;                          ;
; Total registers                             ; 677                      ;
;     -- Dedicated logic registers            ; 677                      ;
;     -- I/O registers                        ; 0                        ;
;                                             ;                          ;
; I/O pins                                    ; 12                       ;
; Total memory bits                           ; 524288                   ;
;                                             ;                          ;
; Embedded Multiplier 9-bit elements          ; 0                        ;
;                                             ;                          ;
; Maximum fan-out node                        ; altera_internal_jtag~TDO ;
; Maximum fan-out                             ; 450                      ;
; Total fan-out                               ; 6533                     ;
; Average fan-out                             ; 4.35                     ;
+---------------------------------------------+--------------------------+


+--------------------------------------------------------------------------------------------------------------------------------------------------------------------------------------------------------------------------------------------------------------------------------------------------------------------------------------------------------------------------------------------------------------------------------------------------------------------------------------------------------------------------------------------------------------------------------------------------------------------------------------------------------------------------------------------------------+
; Analysis & Synthesis Resource Utilization by Entity                                                                                                                                                                                                                                                                                                                                                                                                                                                                                                                                                                                                                                                    ;
+-----------------------------------------------------------------------------------------------------------------------------------------+---------------------+---------------------------+-------------+------------+--------------+---------+-----------+------+--------------+------------+------------------------------------------------------------------------------------------------------------------------------------------------------------------------------------------------------------------------------------------------------------------------------------------------------------------------------------------------------+-----------------------------------+--------------+
; Compilation Hierarchy Node                                                                                                              ; Combinational ALUTs ; Dedicated Logic Registers ; Memory Bits ; UFM Blocks ; DSP Elements ; DSP 9x9 ; DSP 18x18 ; Pins ; Virtual Pins ; ADC blocks ; Full Hierarchy Name                                                                                                                                                                                                                                                                                                                                  ; Entity Name                       ; Library Name ;
+-----------------------------------------------------------------------------------------------------------------------------------------+---------------------+---------------------------+-------------+------------+--------------+---------+-----------+------+--------------+------------+------------------------------------------------------------------------------------------------------------------------------------------------------------------------------------------------------------------------------------------------------------------------------------------------------------------------------------------------------+-----------------------------------+--------------+
; |UART_Top                                                                                                                               ; 728 (37)            ; 677 (27)                  ; 524288      ; 0          ; 0            ; 0       ; 0         ; 12   ; 0            ; 0          ; |UART_Top                                                                                                                                                                                                                                                                                                                                            ; UART_Top                          ; work         ;
;    |UART_RX:RX_INST|                                                                                                                    ; 29 (29)             ; 23 (23)                   ; 0           ; 0          ; 0            ; 0       ; 0         ; 0    ; 0            ; 0          ; |UART_Top|UART_RX:RX_INST                                                                                                                                                                                                                                                                                                                            ; UART_RX                           ; work         ;
;    |UART_TX:TX_INST|                                                                                                                    ; 13 (13)             ; 9 (9)                     ; 0           ; 0          ; 0            ; 0       ; 0         ; 0    ; 0            ; 0          ; |UART_Top|UART_TX:TX_INST                                                                                                                                                                                                                                                                                                                            ; UART_TX                           ; work         ;
;    |baud_generator:BAUD_INST|                                                                                                           ; 22 (22)             ; 14 (14)                   ; 0           ; 0          ; 0            ; 0       ; 0         ; 0    ; 0            ; 0          ; |UART_Top|baud_generator:BAUD_INST                                                                                                                                                                                                                                                                                                                   ; baud_generator                    ; work         ;
;    |sld_hub:auto_hub|                                                                                                                   ; 125 (1)             ; 91 (0)                    ; 0           ; 0          ; 0            ; 0       ; 0         ; 0    ; 0            ; 0          ; |UART_Top|sld_hub:auto_hub                                                                                                                                                                                                                                                                                                                           ; sld_hub                           ; altera_sld   ;
;       |alt_sld_fab_with_jtag_input:\instrumentation_fabric_with_node_gen:fabric_gen_new_way:with_jtag_input_gen:instrumentation_fabric| ; 124 (0)             ; 91 (0)                    ; 0           ; 0          ; 0            ; 0       ; 0         ; 0    ; 0            ; 0          ; |UART_Top|sld_hub:auto_hub|alt_sld_fab_with_jtag_input:\instrumentation_fabric_with_node_gen:fabric_gen_new_way:with_jtag_input_gen:instrumentation_fabric                                                                                                                                                                                           ; alt_sld_fab_with_jtag_input       ; altera_sld   ;
;          |alt_sld_fab:instrumentation_fabric|                                                                                           ; 124 (0)             ; 91 (0)                    ; 0           ; 0          ; 0            ; 0       ; 0         ; 0    ; 0            ; 0          ; |UART_Top|sld_hub:auto_hub|alt_sld_fab_with_jtag_input:\instrumentation_fabric_with_node_gen:fabric_gen_new_way:with_jtag_input_gen:instrumentation_fabric|alt_sld_fab:instrumentation_fabric                                                                                                                                                        ; alt_sld_fab                       ; alt_sld_fab  ;
;             |alt_sld_fab_alt_sld_fab:alt_sld_fab|                                                                                       ; 124 (1)             ; 91 (5)                    ; 0           ; 0          ; 0            ; 0       ; 0         ; 0    ; 0            ; 0          ; |UART_Top|sld_hub:auto_hub|alt_sld_fab_with_jtag_input:\instrumentation_fabric_with_node_gen:fabric_gen_new_way:with_jtag_input_gen:instrumentation_fabric|alt_sld_fab:instrumentation_fabric|alt_sld_fab_alt_sld_fab:alt_sld_fab                                                                                                                    ; alt_sld_fab_alt_sld_fab           ; alt_sld_fab  ;
;                |alt_sld_fab_alt_sld_fab_sldfabric:sldfabric|                                                                            ; 123 (0)             ; 86 (0)                    ; 0           ; 0          ; 0            ; 0       ; 0         ; 0    ; 0            ; 0          ; |UART_Top|sld_hub:auto_hub|alt_sld_fab_with_jtag_input:\instrumentation_fabric_with_node_gen:fabric_gen_new_way:with_jtag_input_gen:instrumentation_fabric|alt_sld_fab:instrumentation_fabric|alt_sld_fab_alt_sld_fab:alt_sld_fab|alt_sld_fab_alt_sld_fab_sldfabric:sldfabric                                                                        ; alt_sld_fab_alt_sld_fab_sldfabric ; alt_sld_fab  ;
;                   |sld_jtag_hub:\jtag_hub_gen:real_sld_jtag_hub|                                                                        ; 123 (84)            ; 86 (58)                   ; 0           ; 0          ; 0            ; 0       ; 0         ; 0    ; 0            ; 0          ; |UART_Top|sld_hub:auto_hub|alt_sld_fab_with_jtag_input:\instrumentation_fabric_with_node_gen:fabric_gen_new_way:with_jtag_input_gen:instrumentation_fabric|alt_sld_fab:instrumentation_fabric|alt_sld_fab_alt_sld_fab:alt_sld_fab|alt_sld_fab_alt_sld_fab_sldfabric:sldfabric|sld_jtag_hub:\jtag_hub_gen:real_sld_jtag_hub                           ; sld_jtag_hub                      ; work         ;
;                      |sld_rom_sr:hub_info_reg|                                                                                          ; 21 (21)             ; 9 (9)                     ; 0           ; 0          ; 0            ; 0       ; 0         ; 0    ; 0            ; 0          ; |UART_Top|sld_hub:auto_hub|alt_sld_fab_with_jtag_input:\instrumentation_fabric_with_node_gen:fabric_gen_new_way:with_jtag_input_gen:instrumentation_fabric|alt_sld_fab:instrumentation_fabric|alt_sld_fab_alt_sld_fab:alt_sld_fab|alt_sld_fab_alt_sld_fab_sldfabric:sldfabric|sld_jtag_hub:\jtag_hub_gen:real_sld_jtag_hub|sld_rom_sr:hub_info_reg   ; sld_rom_sr                        ; work         ;
;                      |sld_shadow_jsm:shadow_jsm|                                                                                        ; 18 (18)             ; 19 (19)                   ; 0           ; 0          ; 0            ; 0       ; 0         ; 0    ; 0            ; 0          ; |UART_Top|sld_hub:auto_hub|alt_sld_fab_with_jtag_input:\instrumentation_fabric_with_node_gen:fabric_gen_new_way:with_jtag_input_gen:instrumentation_fabric|alt_sld_fab:instrumentation_fabric|alt_sld_fab_alt_sld_fab:alt_sld_fab|alt_sld_fab_alt_sld_fab_sldfabric:sldfabric|sld_jtag_hub:\jtag_hub_gen:real_sld_jtag_hub|sld_shadow_jsm:shadow_jsm ; sld_shadow_jsm                    ; altera_sld   ;
;    |sld_signaltap:auto_signaltap_0|                                                                                                     ; 502 (2)             ; 513 (8)                   ; 524288      ; 0          ; 0            ; 0       ; 0         ; 0    ; 0            ; 0          ; |UART_Top|sld_signaltap:auto_signaltap_0                                                                                                                                                                                                                                                                                                             ; sld_signaltap                     ; work         ;
;       |sld_signaltap_impl:sld_signaltap_body|                                                                                           ; 500 (0)             ; 505 (0)                   ; 524288      ; 0          ; 0            ; 0       ; 0         ; 0    ; 0            ; 0          ; |UART_Top|sld_signaltap:auto_signaltap_0|sld_signaltap_impl:sld_signaltap_body                                                                                                                                                                                                                                                                       ; sld_signaltap_impl                ; work         ;
;          |sld_signaltap_implb:sld_signaltap_body|                                                                                       ; 500 (88)            ; 505 (110)                 ; 524288      ; 0          ; 0            ; 0       ; 0         ; 0    ; 0            ; 0          ; |UART_Top|sld_signaltap:auto_signaltap_0|sld_signaltap_impl:sld_signaltap_body|sld_signaltap_implb:sld_signaltap_body                                                                                                                                                                                                                                ; sld_signaltap_implb               ; work         ;
;             |altdpram:\stp_non_zero_ram_gen:attribute_mem_gen:attribute_mem|                                                            ; 37 (0)              ; 106 (106)                 ; 0           ; 0          ; 0            ; 0       ; 0         ; 0    ; 0            ; 0          ; |UART_Top|sld_signaltap:auto_signaltap_0|sld_signaltap_impl:sld_signaltap_body|sld_signaltap_implb:sld_signaltap_body|altdpram:\stp_non_zero_ram_gen:attribute_mem_gen:attribute_mem                                                                                                                                                                 ; altdpram                          ; work         ;
;                |lpm_decode:wdecoder|                                                                                                    ; 2 (0)               ; 0 (0)                     ; 0           ; 0          ; 0            ; 0       ; 0         ; 0    ; 0            ; 0          ; |UART_Top|sld_signaltap:auto_signaltap_0|sld_signaltap_impl:sld_signaltap_body|sld_signaltap_implb:sld_signaltap_body|altdpram:\stp_non_zero_ram_gen:attribute_mem_gen:attribute_mem|lpm_decode:wdecoder                                                                                                                                             ; lpm_decode                        ; work         ;
;                   |decode_3af:auto_generated|                                                                                           ; 2 (2)               ; 0 (0)                     ; 0           ; 0          ; 0            ; 0       ; 0         ; 0    ; 0            ; 0          ; |UART_Top|sld_signaltap:auto_signaltap_0|sld_signaltap_impl:sld_signaltap_body|sld_signaltap_implb:sld_signaltap_body|altdpram:\stp_non_zero_ram_gen:attribute_mem_gen:attribute_mem|lpm_decode:wdecoder|decode_3af:auto_generated                                                                                                                   ; decode_3af                        ; work         ;
;                |lpm_mux:mux|                                                                                                            ; 35 (0)              ; 0 (0)                     ; 0           ; 0          ; 0            ; 0       ; 0         ; 0    ; 0            ; 0          ; |UART_Top|sld_signaltap:auto_signaltap_0|sld_signaltap_impl:sld_signaltap_body|sld_signaltap_implb:sld_signaltap_body|altdpram:\stp_non_zero_ram_gen:attribute_mem_gen:attribute_mem|lpm_mux:mux                                                                                                                                                     ; lpm_mux                           ; work         ;
;                   |mux_k7c:auto_generated|                                                                                              ; 35 (35)             ; 0 (0)                     ; 0           ; 0          ; 0            ; 0       ; 0         ; 0    ; 0            ; 0          ; |UART_Top|sld_signaltap:auto_signaltap_0|sld_signaltap_impl:sld_signaltap_body|sld_signaltap_implb:sld_signaltap_body|altdpram:\stp_non_zero_ram_gen:attribute_mem_gen:attribute_mem|lpm_mux:mux|mux_k7c:auto_generated                                                                                                                              ; mux_k7c                           ; work         ;
;             |altsyncram:\stp_non_zero_ram_gen:stp_buffer_ram|                                                                           ; 34 (0)              ; 4 (0)                     ; 524288      ; 0          ; 0            ; 0       ; 0         ; 0    ; 0            ; 0          ; |UART_Top|sld_signaltap:auto_signaltap_0|sld_signaltap_impl:sld_signaltap_body|sld_signaltap_implb:sld_signaltap_body|altsyncram:\stp_non_zero_ram_gen:stp_buffer_ram                                                                                                                                                                                ; altsyncram                        ; work         ;
;                |altsyncram_so14:auto_generated|                                                                                         ; 34 (0)              ; 4 (4)                     ; 524288      ; 0          ; 0            ; 0       ; 0         ; 0    ; 0            ; 0          ; |UART_Top|sld_signaltap:auto_signaltap_0|sld_signaltap_impl:sld_signaltap_body|sld_signaltap_implb:sld_signaltap_body|altsyncram:\stp_non_zero_ram_gen:stp_buffer_ram|altsyncram_so14:auto_generated                                                                                                                                                 ; altsyncram_so14                   ; work         ;
;                   |decode_19a:decode2|                                                                                                  ; 18 (18)             ; 0 (0)                     ; 0           ; 0          ; 0            ; 0       ; 0         ; 0    ; 0            ; 0          ; |UART_Top|sld_signaltap:auto_signaltap_0|sld_signaltap_impl:sld_signaltap_body|sld_signaltap_implb:sld_signaltap_body|altsyncram:\stp_non_zero_ram_gen:stp_buffer_ram|altsyncram_so14:auto_generated|decode_19a:decode2                                                                                                                              ; decode_19a                        ; work         ;
;                   |mux_d3b:mux3|                                                                                                        ; 16 (16)             ; 0 (0)                     ; 0           ; 0          ; 0            ; 0       ; 0         ; 0    ; 0            ; 0          ; |UART_Top|sld_signaltap:auto_signaltap_0|sld_signaltap_impl:sld_signaltap_body|sld_signaltap_implb:sld_signaltap_body|altsyncram:\stp_non_zero_ram_gen:stp_buffer_ram|altsyncram_so14:auto_generated|mux_d3b:mux3                                                                                                                                    ; mux_d3b                           ; work         ;
;             |lpm_shiftreg:segment_offset_config_deserialize|                                                                            ; 0 (0)               ; 17 (17)                   ; 0           ; 0          ; 0            ; 0       ; 0         ; 0    ; 0            ; 0          ; |UART_Top|sld_signaltap:auto_signaltap_0|sld_signaltap_impl:sld_signaltap_body|sld_signaltap_implb:sld_signaltap_body|lpm_shiftreg:segment_offset_config_deserialize                                                                                                                                                                                 ; lpm_shiftreg                      ; work         ;
;             |lpm_shiftreg:status_register|                                                                                              ; 17 (17)             ; 17 (17)                   ; 0           ; 0          ; 0            ; 0       ; 0         ; 0    ; 0            ; 0          ; |UART_Top|sld_signaltap:auto_signaltap_0|sld_signaltap_impl:sld_signaltap_body|sld_signaltap_implb:sld_signaltap_body|lpm_shiftreg:status_register                                                                                                                                                                                                   ; lpm_shiftreg                      ; work         ;
;             |serial_crc_16:\tdo_crc_gen:tdo_crc_calc|                                                                                   ; 14 (14)             ; 13 (13)                   ; 0           ; 0          ; 0            ; 0       ; 0         ; 0    ; 0            ; 0          ; |UART_Top|sld_signaltap:auto_signaltap_0|sld_signaltap_impl:sld_signaltap_body|sld_signaltap_implb:sld_signaltap_body|serial_crc_16:\tdo_crc_gen:tdo_crc_calc                                                                                                                                                                                        ; serial_crc_16                     ; work         ;
;             |sld_buffer_manager:sld_buffer_manager_inst|                                                                                ; 123 (123)           ; 94 (94)                   ; 0           ; 0          ; 0            ; 0       ; 0         ; 0    ; 0            ; 0          ; |UART_Top|sld_signaltap:auto_signaltap_0|sld_signaltap_impl:sld_signaltap_body|sld_signaltap_implb:sld_signaltap_body|sld_buffer_manager:sld_buffer_manager_inst                                                                                                                                                                                     ; sld_buffer_manager                ; work         ;
;             |sld_ela_control:ela_control|                                                                                               ; 11 (1)              ; 36 (1)                    ; 0           ; 0          ; 0            ; 0       ; 0         ; 0    ; 0            ; 0          ; |UART_Top|sld_signaltap:auto_signaltap_0|sld_signaltap_impl:sld_signaltap_body|sld_signaltap_implb:sld_signaltap_body|sld_ela_control:ela_control                                                                                                                                                                                                    ; sld_ela_control                   ; work         ;
;                |lpm_shiftreg:trigger_config_deserialize|                                                                                ; 0 (0)               ; 4 (4)                     ; 0           ; 0          ; 0            ; 0       ; 0         ; 0    ; 0            ; 0          ; |UART_Top|sld_signaltap:auto_signaltap_0|sld_signaltap_impl:sld_signaltap_body|sld_signaltap_implb:sld_signaltap_body|sld_ela_control:ela_control|lpm_shiftreg:trigger_config_deserialize                                                                                                                                                            ; lpm_shiftreg                      ; work         ;
;                |sld_ela_basic_multi_level_trigger:\basic_multi_level_mbpm_trigger_gen:multi_level_mbpm|                                 ; 8 (0)               ; 20 (0)                    ; 0           ; 0          ; 0            ; 0       ; 0         ; 0    ; 0            ; 0          ; |UART_Top|sld_signaltap:auto_signaltap_0|sld_signaltap_impl:sld_signaltap_body|sld_signaltap_implb:sld_signaltap_body|sld_ela_control:ela_control|sld_ela_basic_multi_level_trigger:\basic_multi_level_mbpm_trigger_gen:multi_level_mbpm                                                                                                             ; sld_ela_basic_multi_level_trigger ; work         ;
;                   |lpm_shiftreg:trigger_condition_deserialize|                                                                          ; 0 (0)               ; 12 (12)                   ; 0           ; 0          ; 0            ; 0       ; 0         ; 0    ; 0            ; 0          ; |UART_Top|sld_signaltap:auto_signaltap_0|sld_signaltap_impl:sld_signaltap_body|sld_signaltap_implb:sld_signaltap_body|sld_ela_control:ela_control|sld_ela_basic_multi_level_trigger:\basic_multi_level_mbpm_trigger_gen:multi_level_mbpm|lpm_shiftreg:trigger_condition_deserialize                                                                  ; lpm_shiftreg                      ; work         ;
;                   |sld_mbpmg:\trigger_modules_gen:0:trigger_match|                                                                      ; 8 (0)               ; 8 (0)                     ; 0           ; 0          ; 0            ; 0       ; 0         ; 0    ; 0            ; 0          ; |UART_Top|sld_signaltap:auto_signaltap_0|sld_signaltap_impl:sld_signaltap_body|sld_signaltap_implb:sld_signaltap_body|sld_ela_control:ela_control|sld_ela_basic_multi_level_trigger:\basic_multi_level_mbpm_trigger_gen:multi_level_mbpm|sld_mbpmg:\trigger_modules_gen:0:trigger_match                                                              ; sld_mbpmg                         ; work         ;
;                      |sld_sbpmg:\gen_sbpmg_pipeline_less_than_two:sm0:0:sm1|                                                            ; 2 (2)               ; 2 (2)                     ; 0           ; 0          ; 0            ; 0       ; 0         ; 0    ; 0            ; 0          ; |UART_Top|sld_signaltap:auto_signaltap_0|sld_signaltap_impl:sld_signaltap_body|sld_signaltap_implb:sld_signaltap_body|sld_ela_control:ela_control|sld_ela_basic_multi_level_trigger:\basic_multi_level_mbpm_trigger_gen:multi_level_mbpm|sld_mbpmg:\trigger_modules_gen:0:trigger_match|sld_sbpmg:\gen_sbpmg_pipeline_less_than_two:sm0:0:sm1        ; sld_sbpmg                         ; work         ;
;                      |sld_sbpmg:\gen_sbpmg_pipeline_less_than_two:sm0:1:sm1|                                                            ; 2 (2)               ; 2 (2)                     ; 0           ; 0          ; 0            ; 0       ; 0         ; 0    ; 0            ; 0          ; |UART_Top|sld_signaltap:auto_signaltap_0|sld_signaltap_impl:sld_signaltap_body|sld_signaltap_implb:sld_signaltap_body|sld_ela_control:ela_control|sld_ela_basic_multi_level_trigger:\basic_multi_level_mbpm_trigger_gen:multi_level_mbpm|sld_mbpmg:\trigger_modules_gen:0:trigger_match|sld_sbpmg:\gen_sbpmg_pipeline_less_than_two:sm0:1:sm1        ; sld_sbpmg                         ; work         ;
;                      |sld_sbpmg:\gen_sbpmg_pipeline_less_than_two:sm0:2:sm1|                                                            ; 2 (2)               ; 2 (2)                     ; 0           ; 0          ; 0            ; 0       ; 0         ; 0    ; 0            ; 0          ; |UART_Top|sld_signaltap:auto_signaltap_0|sld_signaltap_impl:sld_signaltap_body|sld_signaltap_implb:sld_signaltap_body|sld_ela_control:ela_control|sld_ela_basic_multi_level_trigger:\basic_multi_level_mbpm_trigger_gen:multi_level_mbpm|sld_mbpmg:\trigger_modules_gen:0:trigger_match|sld_sbpmg:\gen_sbpmg_pipeline_less_than_two:sm0:2:sm1        ; sld_sbpmg                         ; work         ;
;                      |sld_sbpmg:\gen_sbpmg_pipeline_less_than_two:sm0:3:sm1|                                                            ; 2 (2)               ; 2 (2)                     ; 0           ; 0          ; 0            ; 0       ; 0         ; 0    ; 0            ; 0          ; |UART_Top|sld_signaltap:auto_signaltap_0|sld_signaltap_impl:sld_signaltap_body|sld_signaltap_implb:sld_signaltap_body|sld_ela_control:ela_control|sld_ela_basic_multi_level_trigger:\basic_multi_level_mbpm_trigger_gen:multi_level_mbpm|sld_mbpmg:\trigger_modules_gen:0:trigger_match|sld_sbpmg:\gen_sbpmg_pipeline_less_than_two:sm0:3:sm1        ; sld_sbpmg                         ; work         ;
;                |sld_ela_trigger_flow_mgr:\builtin:ela_trigger_flow_mgr_entity|                                                          ; 2 (2)               ; 11 (1)                    ; 0           ; 0          ; 0            ; 0       ; 0         ; 0    ; 0            ; 0          ; |UART_Top|sld_signaltap:auto_signaltap_0|sld_signaltap_impl:sld_signaltap_body|sld_signaltap_implb:sld_signaltap_body|sld_ela_control:ela_control|sld_ela_trigger_flow_mgr:\builtin:ela_trigger_flow_mgr_entity                                                                                                                                      ; sld_ela_trigger_flow_mgr          ; work         ;
;                   |lpm_shiftreg:trigger_config_deserialize|                                                                             ; 0 (0)               ; 10 (10)                   ; 0           ; 0          ; 0            ; 0       ; 0         ; 0    ; 0            ; 0          ; |UART_Top|sld_signaltap:auto_signaltap_0|sld_signaltap_impl:sld_signaltap_body|sld_signaltap_implb:sld_signaltap_body|sld_ela_control:ela_control|sld_ela_trigger_flow_mgr:\builtin:ela_trigger_flow_mgr_entity|lpm_shiftreg:trigger_config_deserialize                                                                                              ; lpm_shiftreg                      ; work         ;
;             |sld_offload_buffer_mgr:\stp_non_zero_depth_offload_gen:stp_offload_buff_mgr_inst|                                          ; 146 (10)            ; 100 (0)                   ; 0           ; 0          ; 0            ; 0       ; 0         ; 0    ; 0            ; 0          ; |UART_Top|sld_signaltap:auto_signaltap_0|sld_signaltap_impl:sld_signaltap_body|sld_signaltap_implb:sld_signaltap_body|sld_offload_buffer_mgr:\stp_non_zero_depth_offload_gen:stp_offload_buff_mgr_inst                                                                                                                                               ; sld_offload_buffer_mgr            ; work         ;
;                |lpm_counter:\adv_point_3_and_more:advance_pointer_counter|                                                              ; 2 (0)               ; 2 (0)                     ; 0           ; 0          ; 0            ; 0       ; 0         ; 0    ; 0            ; 0          ; |UART_Top|sld_signaltap:auto_signaltap_0|sld_signaltap_impl:sld_signaltap_body|sld_signaltap_implb:sld_signaltap_body|sld_offload_buffer_mgr:\stp_non_zero_depth_offload_gen:stp_offload_buff_mgr_inst|lpm_counter:\adv_point_3_and_more:advance_pointer_counter                                                                                     ; lpm_counter                       ; work         ;
;                   |cntr_gph:auto_generated|                                                                                             ; 2 (2)               ; 2 (2)                     ; 0           ; 0          ; 0            ; 0       ; 0         ; 0    ; 0            ; 0          ; |UART_Top|sld_signaltap:auto_signaltap_0|sld_signaltap_impl:sld_signaltap_body|sld_signaltap_implb:sld_signaltap_body|sld_offload_buffer_mgr:\stp_non_zero_depth_offload_gen:stp_offload_buff_mgr_inst|lpm_counter:\adv_point_3_and_more:advance_pointer_counter|cntr_gph:auto_generated                                                             ; cntr_gph                          ; work         ;
;                |lpm_counter:read_pointer_counter|                                                                                       ; 17 (0)              ; 17 (0)                    ; 0           ; 0          ; 0            ; 0       ; 0         ; 0    ; 0            ; 0          ; |UART_Top|sld_signaltap:auto_signaltap_0|sld_signaltap_impl:sld_signaltap_body|sld_signaltap_implb:sld_signaltap_body|sld_offload_buffer_mgr:\stp_non_zero_depth_offload_gen:stp_offload_buff_mgr_inst|lpm_counter:read_pointer_counter                                                                                                              ; lpm_counter                       ; work         ;
;                   |cntr_cni:auto_generated|                                                                                             ; 17 (17)             ; 17 (17)                   ; 0           ; 0          ; 0            ; 0       ; 0         ; 0    ; 0            ; 0          ; |UART_Top|sld_signaltap:auto_signaltap_0|sld_signaltap_impl:sld_signaltap_body|sld_signaltap_implb:sld_signaltap_body|sld_offload_buffer_mgr:\stp_non_zero_depth_offload_gen:stp_offload_buff_mgr_inst|lpm_counter:read_pointer_counter|cntr_cni:auto_generated                                                                                      ; cntr_cni                          ; work         ;
;                |lpm_counter:status_advance_pointer_counter|                                                                             ; 8 (0)               ; 6 (0)                     ; 0           ; 0          ; 0            ; 0       ; 0         ; 0    ; 0            ; 0          ; |UART_Top|sld_signaltap:auto_signaltap_0|sld_signaltap_impl:sld_signaltap_body|sld_signaltap_implb:sld_signaltap_body|sld_offload_buffer_mgr:\stp_non_zero_depth_offload_gen:stp_offload_buff_mgr_inst|lpm_counter:status_advance_pointer_counter                                                                                                    ; lpm_counter                       ; work         ;
;                   |cntr_8rh:auto_generated|                                                                                             ; 8 (8)               ; 6 (6)                     ; 0           ; 0          ; 0            ; 0       ; 0         ; 0    ; 0            ; 0          ; |UART_Top|sld_signaltap:auto_signaltap_0|sld_signaltap_impl:sld_signaltap_body|sld_signaltap_implb:sld_signaltap_body|sld_offload_buffer_mgr:\stp_non_zero_depth_offload_gen:stp_offload_buff_mgr_inst|lpm_counter:status_advance_pointer_counter|cntr_8rh:auto_generated                                                                            ; cntr_8rh                          ; work         ;
;                |lpm_counter:status_read_pointer_counter|                                                                                ; 3 (0)               ; 1 (0)                     ; 0           ; 0          ; 0            ; 0       ; 0         ; 0    ; 0            ; 0          ; |UART_Top|sld_signaltap:auto_signaltap_0|sld_signaltap_impl:sld_signaltap_body|sld_signaltap_implb:sld_signaltap_body|sld_offload_buffer_mgr:\stp_non_zero_depth_offload_gen:stp_offload_buff_mgr_inst|lpm_counter:status_read_pointer_counter                                                                                                       ; lpm_counter                       ; work         ;
;                   |cntr_odi:auto_generated|                                                                                             ; 3 (3)               ; 1 (1)                     ; 0           ; 0          ; 0            ; 0       ; 0         ; 0    ; 0            ; 0          ; |UART_Top|sld_signaltap:auto_signaltap_0|sld_signaltap_impl:sld_signaltap_body|sld_signaltap_implb:sld_signaltap_body|sld_offload_buffer_mgr:\stp_non_zero_depth_offload_gen:stp_offload_buff_mgr_inst|lpm_counter:status_read_pointer_counter|cntr_odi:auto_generated                                                                               ; cntr_odi                          ; work         ;
;                |lpm_shiftreg:info_data_shift_out|                                                                                       ; 35 (35)             ; 35 (35)                   ; 0           ; 0          ; 0            ; 0       ; 0         ; 0    ; 0            ; 0          ; |UART_Top|sld_signaltap:auto_signaltap_0|sld_signaltap_impl:sld_signaltap_body|sld_signaltap_implb:sld_signaltap_body|sld_offload_buffer_mgr:\stp_non_zero_depth_offload_gen:stp_offload_buff_mgr_inst|lpm_shiftreg:info_data_shift_out                                                                                                              ; lpm_shiftreg                      ; work         ;
;                |lpm_shiftreg:ram_data_shift_out|                                                                                        ; 36 (36)             ; 4 (4)                     ; 0           ; 0          ; 0            ; 0       ; 0         ; 0    ; 0            ; 0          ; |UART_Top|sld_signaltap:auto_signaltap_0|sld_signaltap_impl:sld_signaltap_body|sld_signaltap_implb:sld_signaltap_body|sld_offload_buffer_mgr:\stp_non_zero_depth_offload_gen:stp_offload_buff_mgr_inst|lpm_shiftreg:ram_data_shift_out                                                                                                               ; lpm_shiftreg                      ; work         ;
;                |lpm_shiftreg:status_data_shift_out|                                                                                     ; 35 (35)             ; 35 (35)                   ; 0           ; 0          ; 0            ; 0       ; 0         ; 0    ; 0            ; 0          ; |UART_Top|sld_signaltap:auto_signaltap_0|sld_signaltap_impl:sld_signaltap_body|sld_signaltap_implb:sld_signaltap_body|sld_offload_buffer_mgr:\stp_non_zero_depth_offload_gen:stp_offload_buff_mgr_inst|lpm_shiftreg:status_data_shift_out                                                                                                            ; lpm_shiftreg                      ; work         ;
;             |sld_rom_sr:crc_rom_sr|                                                                                                     ; 30 (30)             ; 8 (8)                     ; 0           ; 0          ; 0            ; 0       ; 0         ; 0    ; 0            ; 0          ; |UART_Top|sld_signaltap:auto_signaltap_0|sld_signaltap_impl:sld_signaltap_body|sld_signaltap_implb:sld_signaltap_body|sld_rom_sr:crc_rom_sr                                                                                                                                                                                                          ; sld_rom_sr                        ; work         ;
+-----------------------------------------------------------------------------------------------------------------------------------------+---------------------+---------------------------+-------------+------------+--------------+---------+-----------+------+--------------+------------+------------------------------------------------------------------------------------------------------------------------------------------------------------------------------------------------------------------------------------------------------------------------------------------------------------------------------------------------------+-----------------------------------+--------------+
Note: For table entries with two numbers listed, the numbers in parentheses indicate the number of resources of the given type used by the specific entity alone. The numbers listed outside of parentheses indicate the total resources of the given type used by the specific entity and all of its sub-entities in the hierarchy.


+-------------------------------------------------------------------------------------------------------------------------------------------------------------------------------------------------------------------------------------------------------------------------------------------------------------+
; Analysis & Synthesis RAM Summary                                                                                                                                                                                                                                                                            ;
+-------------------------------------------------------------------------------------------------------------------------------------------------------------------------------------------------------+------+------------------+--------------+--------------+--------------+--------------+--------+------+
; Name                                                                                                                                                                                                  ; Type ; Mode             ; Port A Depth ; Port A Width ; Port B Depth ; Port B Width ; Size   ; MIF  ;
+-------------------------------------------------------------------------------------------------------------------------------------------------------------------------------------------------------+------+------------------+--------------+--------------+--------------+--------------+--------+------+
; sld_signaltap:auto_signaltap_0|sld_signaltap_impl:sld_signaltap_body|sld_signaltap_implb:sld_signaltap_body|altsyncram:\stp_non_zero_ram_gen:stp_buffer_ram|altsyncram_so14:auto_generated|ALTSYNCRAM ; AUTO ; Simple Dual Port ; 131072       ; 4            ; 131072       ; 4            ; 524288 ; None ;
+-------------------------------------------------------------------------------------------------------------------------------------------------------------------------------------------------------+------+------------------+--------------+--------------+--------------+--------------+--------+------+


+-----------------------------------------------------------------------------------------------------------------------------------------------------------------------------------------------------------------------------------------------------------------------------------------------------------------------------------------------------------------+
; Analysis & Synthesis IP Cores Summary                                                                                                                                                                                                                                                                                                                           ;
+--------+--------------+---------+--------------+--------------+-------------------------------------------------------------------------------------------------------------------------------------------------------------------------------------------------------------------------------------------------------------------------------+-----------------+
; Vendor ; IP Core Name ; Version ; Release Date ; License Type ; Entity Instance                                                                                                                                                                                                                                                               ; IP Include File ;
+--------+--------------+---------+--------------+--------------+-------------------------------------------------------------------------------------------------------------------------------------------------------------------------------------------------------------------------------------------------------------------------------+-----------------+
; Altera ; Signal Tap   ; N/A     ; N/A          ; Licensed     ; |UART_Top|sld_hub:auto_hub|alt_sld_fab_with_jtag_input:\instrumentation_fabric_with_node_gen:fabric_gen_new_way:with_jtag_input_gen:instrumentation_fabric|alt_sld_fab:instrumentation_fabric                                                                                 ;                 ;
; Altera ; Signal Tap   ; N/A     ; N/A          ; Licensed     ; |UART_Top|sld_hub:auto_hub|alt_sld_fab_with_jtag_input:\instrumentation_fabric_with_node_gen:fabric_gen_new_way:with_jtag_input_gen:instrumentation_fabric|alt_sld_fab:instrumentation_fabric|alt_sld_fab_alt_sld_fab:alt_sld_fab                                             ;                 ;
; Altera ; Signal Tap   ; N/A     ; N/A          ; Licensed     ; |UART_Top|sld_hub:auto_hub|alt_sld_fab_with_jtag_input:\instrumentation_fabric_with_node_gen:fabric_gen_new_way:with_jtag_input_gen:instrumentation_fabric|alt_sld_fab:instrumentation_fabric|alt_sld_fab_alt_sld_fab:alt_sld_fab|alt_sld_fab_alt_sld_fab_presplit:presplit   ;                 ;
; Altera ; Signal Tap   ; N/A     ; N/A          ; Licensed     ; |UART_Top|sld_hub:auto_hub|alt_sld_fab_with_jtag_input:\instrumentation_fabric_with_node_gen:fabric_gen_new_way:with_jtag_input_gen:instrumentation_fabric|alt_sld_fab:instrumentation_fabric|alt_sld_fab_alt_sld_fab:alt_sld_fab|alt_sld_fab_alt_sld_fab_sldfabric:sldfabric ;                 ;
; Altera ; Signal Tap   ; N/A     ; N/A          ; Licensed     ; |UART_Top|sld_hub:auto_hub|alt_sld_fab_with_jtag_input:\instrumentation_fabric_with_node_gen:fabric_gen_new_way:with_jtag_input_gen:instrumentation_fabric|alt_sld_fab:instrumentation_fabric|alt_sld_fab_alt_sld_fab:alt_sld_fab|alt_sld_fab_alt_sld_fab_splitter:splitter   ;                 ;
+--------+--------------+---------+--------------+--------------+-------------------------------------------------------------------------------------------------------------------------------------------------------------------------------------------------------------------------------------------------------------------------------+-----------------+


Encoding Type:  One-Hot
+-----------------------------------------------------------------------------------+
; State Machine - |UART_Top|UART_RX:RX_INST|state                                   ;
+-----------------+----------------+-----------------+-----------------+------------+
; Name            ; state.STOP_BIT ; state.DATA_BITS ; state.START_BIT ; state.IDLE ;
+-----------------+----------------+-----------------+-----------------+------------+
; state.IDLE      ; 0              ; 0               ; 0               ; 0          ;
; state.START_BIT ; 0              ; 0               ; 1               ; 1          ;
; state.DATA_BITS ; 0              ; 1               ; 0               ; 1          ;
; state.STOP_BIT  ; 1              ; 0               ; 0               ; 1          ;
+-----------------+----------------+-----------------+-----------------+------------+


Encoding Type:  One-Hot
+-----------------------------------------------------------------------------------+
; State Machine - |UART_Top|UART_TX:TX_INST|state                                   ;
+-----------------+----------------+-----------------+-----------------+------------+
; Name            ; state.STOP_BIT ; state.DATA_BITS ; state.START_BIT ; state.IDLE ;
+-----------------+----------------+-----------------+-----------------+------------+
; state.IDLE      ; 0              ; 0               ; 0               ; 0          ;
; state.START_BIT ; 0              ; 0               ; 1               ; 1          ;
; state.DATA_BITS ; 0              ; 1               ; 0               ; 1          ;
; state.STOP_BIT  ; 1              ; 0               ; 0               ; 1          ;
+-----------------+----------------+-----------------+-----------------+------------+


+--------------------------------------------------------------------------------+
; Registers Removed During Synthesis                                             ;
+---------------------------------------+----------------------------------------+
; Register name                         ; Reason for Removal                     ;
+---------------------------------------+----------------------------------------+
; UART_TX:TX_INST|data_reg[0]           ; Stuck at VCC due to stuck port data_in ;
; UART_TX:TX_INST|data_reg[7]           ; Stuck at GND due to stuck port data_in ;
; UART_TX:TX_INST|data_reg[6]           ; Stuck at VCC due to stuck port data_in ;
; UART_TX:TX_INST|data_reg[5]           ; Stuck at GND due to stuck port data_in ;
; UART_TX:TX_INST|data_reg[4]           ; Stuck at VCC due to stuck port data_in ;
; UART_TX:TX_INST|data_reg[3]           ; Stuck at GND due to stuck port data_in ;
; UART_TX:TX_INST|data_reg[2]           ; Stuck at VCC due to stuck port data_in ;
; UART_TX:TX_INST|data_reg[1]           ; Stuck at GND due to stuck port data_in ;
; Total Number of Removed Registers = 8 ;                                        ;
+---------------------------------------+----------------------------------------+


+------------------------------------------------------+
; General Register Statistics                          ;
+----------------------------------------------+-------+
; Statistic                                    ; Value ;
+----------------------------------------------+-------+
; Total registers                              ; 677   ;
; Number of registers using Synchronous Clear  ; 74    ;
; Number of registers using Synchronous Load   ; 72    ;
; Number of registers using Asynchronous Clear ; 308   ;
; Number of registers using Asynchronous Load  ; 0     ;
; Number of registers using Clock Enable       ; 438   ;
; Number of registers using Preset             ; 0     ;
+----------------------------------------------+-------+


+-------------------------------------------------------------------------------------------------------------------------------------------------------------------------------------------------------------------------------------------------------------------------------------------------------------------------------------------+
; Inverted Register Statistics                                                                                                                                                                                                                                                                                                              ;
+---------------------------------------------------------------------------------------------------------------------------------------------------------------------------------------------------------------------------------------------------------------------------------------------------------------------------------+---------+
; Inverted Register                                                                                                                                                                                                                                                                                                               ; Fan out ;
+---------------------------------------------------------------------------------------------------------------------------------------------------------------------------------------------------------------------------------------------------------------------------------------------------------------------------------+---------+
; UART_TX:TX_INST|tx                                                                                                                                                                                                                                                                                                              ; 10      ;
; sld_hub:auto_hub|alt_sld_fab_with_jtag_input:\instrumentation_fabric_with_node_gen:fabric_gen_new_way:with_jtag_input_gen:instrumentation_fabric|alt_sld_fab:instrumentation_fabric|alt_sld_fab_alt_sld_fab:alt_sld_fab|alt_sld_fab_alt_sld_fab_sldfabric:sldfabric|sld_jtag_hub:\jtag_hub_gen:real_sld_jtag_hub|jtag_ir_reg[2] ; 2       ;
; sld_hub:auto_hub|alt_sld_fab_with_jtag_input:\instrumentation_fabric_with_node_gen:fabric_gen_new_way:with_jtag_input_gen:instrumentation_fabric|alt_sld_fab:instrumentation_fabric|alt_sld_fab_alt_sld_fab:alt_sld_fab|alt_sld_fab_alt_sld_fab_sldfabric:sldfabric|sld_jtag_hub:\jtag_hub_gen:real_sld_jtag_hub|jtag_ir_reg[1] ; 3       ;
; sld_signaltap:auto_signaltap_0|sld_signaltap_impl:sld_signaltap_body|sld_signaltap_implb:sld_signaltap_body|sld_buffer_manager:sld_buffer_manager_inst|modified_post_count[1]                                                                                                                                                   ; 1       ;
; sld_signaltap:auto_signaltap_0|sld_signaltap_impl:sld_signaltap_body|sld_signaltap_implb:sld_signaltap_body|sld_buffer_manager:sld_buffer_manager_inst|modified_post_count[2]                                                                                                                                                   ; 1       ;
; sld_signaltap:auto_signaltap_0|sld_signaltap_impl:sld_signaltap_body|sld_signaltap_implb:sld_signaltap_body|sld_buffer_manager:sld_buffer_manager_inst|modified_post_count[3]                                                                                                                                                   ; 1       ;
; sld_signaltap:auto_signaltap_0|sld_signaltap_impl:sld_signaltap_body|sld_signaltap_implb:sld_signaltap_body|sld_buffer_manager:sld_buffer_manager_inst|modified_post_count[4]                                                                                                                                                   ; 1       ;
; sld_signaltap:auto_signaltap_0|sld_signaltap_impl:sld_signaltap_body|sld_signaltap_implb:sld_signaltap_body|sld_buffer_manager:sld_buffer_manager_inst|modified_post_count[5]                                                                                                                                                   ; 1       ;
; sld_signaltap:auto_signaltap_0|sld_signaltap_impl:sld_signaltap_body|sld_signaltap_implb:sld_signaltap_body|sld_buffer_manager:sld_buffer_manager_inst|modified_post_count[6]                                                                                                                                                   ; 1       ;
; sld_signaltap:auto_signaltap_0|sld_signaltap_impl:sld_signaltap_body|sld_signaltap_implb:sld_signaltap_body|sld_buffer_manager:sld_buffer_manager_inst|modified_post_count[7]                                                                                                                                                   ; 1       ;
; sld_signaltap:auto_signaltap_0|sld_signaltap_impl:sld_signaltap_body|sld_signaltap_implb:sld_signaltap_body|sld_buffer_manager:sld_buffer_manager_inst|modified_post_count[16]                                                                                                                                                  ; 1       ;
; sld_signaltap:auto_signaltap_0|sld_signaltap_impl:sld_signaltap_body|sld_signaltap_implb:sld_signaltap_body|sld_buffer_manager:sld_buffer_manager_inst|modified_post_count[17]                                                                                                                                                  ; 1       ;
; sld_signaltap:auto_signaltap_0|sld_signaltap_impl:sld_signaltap_body|sld_signaltap_implb:sld_signaltap_body|sld_buffer_manager:sld_buffer_manager_inst|modified_post_count[8]                                                                                                                                                   ; 1       ;
; sld_signaltap:auto_signaltap_0|sld_signaltap_impl:sld_signaltap_body|sld_signaltap_implb:sld_signaltap_body|sld_buffer_manager:sld_buffer_manager_inst|modified_post_count[9]                                                                                                                                                   ; 1       ;
; sld_signaltap:auto_signaltap_0|sld_signaltap_impl:sld_signaltap_body|sld_signaltap_implb:sld_signaltap_body|sld_buffer_manager:sld_buffer_manager_inst|modified_post_count[10]                                                                                                                                                  ; 1       ;
; sld_signaltap:auto_signaltap_0|sld_signaltap_impl:sld_signaltap_body|sld_signaltap_implb:sld_signaltap_body|sld_buffer_manager:sld_buffer_manager_inst|modified_post_count[11]                                                                                                                                                  ; 1       ;
; sld_signaltap:auto_signaltap_0|sld_signaltap_impl:sld_signaltap_body|sld_signaltap_implb:sld_signaltap_body|sld_buffer_manager:sld_buffer_manager_inst|modified_post_count[12]                                                                                                                                                  ; 1       ;
; sld_signaltap:auto_signaltap_0|sld_signaltap_impl:sld_signaltap_body|sld_signaltap_implb:sld_signaltap_body|sld_buffer_manager:sld_buffer_manager_inst|modified_post_count[13]                                                                                                                                                  ; 1       ;
; sld_signaltap:auto_signaltap_0|sld_signaltap_impl:sld_signaltap_body|sld_signaltap_implb:sld_signaltap_body|sld_buffer_manager:sld_buffer_manager_inst|modified_post_count[14]                                                                                                                                                  ; 1       ;
; sld_signaltap:auto_signaltap_0|sld_signaltap_impl:sld_signaltap_body|sld_signaltap_implb:sld_signaltap_body|sld_buffer_manager:sld_buffer_manager_inst|modified_post_count[15]                                                                                                                                                  ; 1       ;
; sld_signaltap:auto_signaltap_0|sld_signaltap_impl:sld_signaltap_body|sld_signaltap_implb:sld_signaltap_body|sld_buffer_manager:sld_buffer_manager_inst|modified_post_count[0]                                                                                                                                                   ; 1       ;
; Total number of inverted registers = 21                                                                                                                                                                                                                                                                                         ;         ;
+---------------------------------------------------------------------------------------------------------------------------------------------------------------------------------------------------------------------------------------------------------------------------------------------------------------------------------+---------+


+-----------------------------------------------------------------------------------------------------------------------------------------------+
; Multiplexer Restructuring Statistics (Restructuring Performed)                                                                                ;
+--------------------+-----------+---------------+----------------------+------------------------+------------+---------------------------------+
; Multiplexer Inputs ; Bus Width ; Baseline Area ; Area if Restructured ; Saving if Restructured ; Registered ; Example Multiplexer Output      ;
+--------------------+-----------+---------------+----------------------+------------------------+------------+---------------------------------+
; 7:1                ; 2 bits    ; 8 LEs         ; 4 LEs                ; 4 LEs                  ; No         ; |UART_Top|UART_RX:RX_INST|state ;
; 7:1                ; 2 bits    ; 8 LEs         ; 4 LEs                ; 4 LEs                  ; No         ; |UART_Top|UART_TX:TX_INST|state ;
+--------------------+-----------+---------------+----------------------+------------------------+------------+---------------------------------+


+-------------------------------------------------------+
; Source assignments for sld_signaltap:auto_signaltap_0 ;
+-----------------+-------+------+----------------------+
; Assignment      ; Value ; From ; To                   ;
+-----------------+-------+------+----------------------+
; MESSAGE_DISABLE ; 13410 ; -    ; -                    ;
+-----------------+-------+------+----------------------+


+----------------------------------------------------------------------------------------------------------------+
; Parameter Settings for Inferred Entity Instance: sld_signaltap:auto_signaltap_0                                ;
+-------------------------------------------------+---------------------------------------------+----------------+
; Parameter Name                                  ; Value                                       ; Type           ;
+-------------------------------------------------+---------------------------------------------+----------------+
; lpm_type                                        ; sld_signaltap                               ; String         ;
; sld_node_info                                   ; 805334528                                   ; Untyped        ;
; SLD_SECTION_ID                                  ; hdl_signaltap_0                             ; String         ;
; SLD_IP_VERSION                                  ; 6                                           ; Signed Integer ;
; SLD_IP_MINOR_VERSION                            ; 0                                           ; Signed Integer ;
; SLD_COMMON_IP_VERSION                           ; 0                                           ; Signed Integer ;
; sld_data_bits                                   ; 4                                           ; Untyped        ;
; sld_trigger_bits                                ; 4                                           ; Untyped        ;
; SLD_NODE_CRC_BITS                               ; 32                                          ; Signed Integer ;
; SLD_NODE_CRC_HIWORD                             ; 41394                                       ; Signed Integer ;
; SLD_NODE_CRC_LOWORD                             ; 50132                                       ; Signed Integer ;
; sld_incremental_routing                         ; 1                                           ; Untyped        ;
; sld_sample_depth                                ; 131072                                      ; Untyped        ;
; sld_segment_size                                ; 131072                                      ; Untyped        ;
; sld_ram_block_type                              ; AUTO                                        ; Untyped        ;
; sld_state_bits                                  ; 11                                          ; Untyped        ;
; sld_buffer_full_stop                            ; 1                                           ; Untyped        ;
; SLD_MEM_ADDRESS_BITS                            ; 7                                           ; Signed Integer ;
; SLD_DATA_BIT_CNTR_BITS                          ; 4                                           ; Signed Integer ;
; sld_trigger_level                               ; 1                                           ; Untyped        ;
; sld_trigger_in_enabled                          ; 0                                           ; Untyped        ;
; SLD_HPS_TRIGGER_IN_ENABLED                      ; 0                                           ; Signed Integer ;
; SLD_HPS_TRIGGER_OUT_ENABLED                     ; 0                                           ; Signed Integer ;
; SLD_HPS_EVENT_ENABLED                           ; 0                                           ; Signed Integer ;
; SLD_HPS_EVENT_ID                                ; 0                                           ; Signed Integer ;
; sld_advanced_trigger_entity                     ; basic,1,                                    ; Untyped        ;
; sld_trigger_level_pipeline                      ; 1                                           ; Untyped        ;
; sld_trigger_pipeline                            ; 0                                           ; Untyped        ;
; sld_ram_pipeline                                ; 0                                           ; Untyped        ;
; sld_counter_pipeline                            ; 0                                           ; Untyped        ;
; sld_enable_advanced_trigger                     ; 0                                           ; Untyped        ;
; SLD_ADVANCED_TRIGGER_1                          ; NONE                                        ; String         ;
; SLD_ADVANCED_TRIGGER_2                          ; NONE                                        ; String         ;
; SLD_ADVANCED_TRIGGER_3                          ; NONE                                        ; String         ;
; SLD_ADVANCED_TRIGGER_4                          ; NONE                                        ; String         ;
; SLD_ADVANCED_TRIGGER_5                          ; NONE                                        ; String         ;
; SLD_ADVANCED_TRIGGER_6                          ; NONE                                        ; String         ;
; SLD_ADVANCED_TRIGGER_7                          ; NONE                                        ; String         ;
; SLD_ADVANCED_TRIGGER_8                          ; NONE                                        ; String         ;
; SLD_ADVANCED_TRIGGER_9                          ; NONE                                        ; String         ;
; SLD_ADVANCED_TRIGGER_10                         ; NONE                                        ; String         ;
; sld_inversion_mask_length                       ; 43                                          ; Untyped        ;
; sld_inversion_mask                              ; 0000000000000000000000000000000000000000000 ; Untyped        ;
; sld_power_up_trigger                            ; 0                                           ; Untyped        ;
; SLD_STATE_FLOW_MGR_ENTITY                       ; state_flow_mgr_entity.vhd                   ; String         ;
; sld_state_flow_use_generated                    ; 0                                           ; Untyped        ;
; sld_current_resource_width                      ; 1                                           ; Untyped        ;
; sld_attribute_mem_mode                          ; OFF                                         ; Untyped        ;
; sld_storage_qualifier_bits                      ; 4                                           ; Untyped        ;
; SLD_STORAGE_QUALIFIER_GAP_RECORD                ; 0                                           ; Signed Integer ;
; SLD_STORAGE_QUALIFIER_MODE                      ; OFF                                         ; String         ;
; SLD_STORAGE_QUALIFIER_ENABLE_ADVANCED_CONDITION ; 0                                           ; Signed Integer ;
; sld_storage_qualifier_inversion_mask_length     ; 0                                           ; Untyped        ;
; SLD_STORAGE_QUALIFIER_ADVANCED_CONDITION_ENTITY ; basic                                       ; String         ;
; SLD_STORAGE_QUALIFIER_PIPELINE                  ; 0                                           ; Signed Integer ;
; SLD_CREATE_MONITOR_INTERFACE                    ; 0                                           ; Signed Integer ;
; SLD_USE_JTAG_SIGNAL_ADAPTER                     ; 1                                           ; Signed Integer ;
+-------------------------------------------------+---------------------------------------------+----------------+
Note: In order to hide this table in the UI and the text report file, please set the "Show Parameter Settings in Synthesis Report" option in "Analysis and Synthesis Settings -> More Settings" to "Off".


+-----------------------------------------------------------------------------------------------------------------+
; Port Connectivity Checks: "UART_RX:RX_INST"                                                                     ;
+-------+--------+----------+-------------------------------------------------------------------------------------+
; Port  ; Type   ; Severity ; Details                                                                             ;
+-------+--------+----------+-------------------------------------------------------------------------------------+
; valid ; Output ; Info     ; Connected to dangling logic. Logic that only feeds a dangling port will be removed. ;
+-------+--------+----------+-------------------------------------------------------------------------------------+


+----------------------------------------------+
; Port Connectivity Checks: "UART_TX:TX_INST"  ;
+------------+-------+----------+--------------+
; Port       ; Type  ; Severity ; Details      ;
+------------+-------+----------+--------------+
; tx_data[7] ; Input ; Info     ; Stuck at GND ;
; tx_data[6] ; Input ; Info     ; Stuck at VCC ;
; tx_data[5] ; Input ; Info     ; Stuck at GND ;
; tx_data[4] ; Input ; Info     ; Stuck at VCC ;
; tx_data[3] ; Input ; Info     ; Stuck at GND ;
; tx_data[2] ; Input ; Info     ; Stuck at VCC ;
; tx_data[1] ; Input ; Info     ; Stuck at GND ;
; tx_data[0] ; Input ; Info     ; Stuck at VCC ;
+------------+-------+----------+--------------+


+-------------------------------------------------------------------------------------------------------------------------------------------------------------------------------------------------------------------------------------------------------------------------+
; SignalTap II Logic Analyzer Settings                                                                                                                                                                                                                                    ;
+----------------+------------------+---------------------+------------------+--------------+----------+------------------------+----------------------+--------------------+-----------------------------+-----------------+------------------+--------------------------+
; Instance Index ; Instance Name    ; Trigger Input Width ; Data Input Width ; Sample Depth ; Segments ; Storage Qualifier Type ; Trigger Flow Control ; Trigger Conditions ; Advanced Trigger Conditions ; Trigger In Used ; Trigger Out Used ; Power-Up Trigger Enabled ;
+----------------+------------------+---------------------+------------------+--------------+----------+------------------------+----------------------+--------------------+-----------------------------+-----------------+------------------+--------------------------+
; 0              ; auto_signaltap_0 ; 4                   ; 4                ; 131072       ; 1        ; continuous             ; sequential           ; 1                  ; 0                           ; no              ; no               ; no                       ;
+----------------+------------------+---------------------+------------------+--------------+----------+------------------------+----------------------+--------------------+-----------------------------+-----------------+------------------+--------------------------+


+-----------------------------------------------------+
; Post-Synthesis Netlist Statistics for Top Partition ;
+-----------------------+-----------------------------+
; Type                  ; Count                       ;
+-----------------------+-----------------------------+
; boundary_port         ; 12                          ;
; cycloneiii_ff         ; 73                          ;
;     CLR               ; 23                          ;
;     CLR SCLR          ; 26                          ;
;     ENA CLR           ; 24                          ;
; cycloneiii_lcell_comb ; 109                         ;
;     arith             ; 37                          ;
;         2 data inputs ; 36                          ;
;         3 data inputs ; 1                           ;
;     normal            ; 72                          ;
;         0 data inputs ; 1                           ;
;         1 data inputs ; 12                          ;
;         2 data inputs ; 10                          ;
;         3 data inputs ; 14                          ;
;         4 data inputs ; 35                          ;
;                       ;                             ;
; Max LUT depth         ; 3.50                        ;
; Average LUT depth     ; 2.44                        ;
+-----------------------+-----------------------------+


+-------------------------------+
; Elapsed Time Per Partition    ;
+----------------+--------------+
; Partition Name ; Elapsed Time ;
+----------------+--------------+
; Top            ; 00:00:00     ;
+----------------+--------------+


+-----------------------------------------------------------------------------------------------------------------------------------------------------------------------------------------------------------------------------------------------------+
; Connections to In-System Debugging Instance "auto_signaltap_0"                                                                                                                                                                                      ;
+------------------------------------+--------------+-----------+--------------------------------+-------------------+-------------------------------------+------------------------------------------------------------------------------------------+
; Name                               ; Type         ; Status    ; Partition Name                 ; Netlist Type Used ; Actual Connection                   ; Details                                                                                  ;
+------------------------------------+--------------+-----------+--------------------------------+-------------------+-------------------------------------+------------------------------------------------------------------------------------------+
; MAX10_CLK1_50                      ; post-fitting ; connected ; Top                            ; post-synthesis    ; MAX10_CLK1_50                       ; N/A                                                                                      ;
; UART_RX:UART_RX_INST|rx_valid      ; post-fitting ; missing   ; Top                            ; post-synthesis    ; GND                                 ; The post-fitting netlist is not being used.  Set the partition's netlist type to source. ;
; UART_RX:UART_RX_INST|rx_valid      ; post-fitting ; missing   ; Top                            ; post-synthesis    ; GND                                 ; The post-fitting netlist is not being used.  Set the partition's netlist type to source. ;
; UART_TX:UART_TX_INST|tx            ; post-fitting ; missing   ; Top                            ; post-synthesis    ; GND                                 ; The post-fitting netlist is not being used.  Set the partition's netlist type to source. ;
; UART_TX:UART_TX_INST|tx            ; post-fitting ; missing   ; Top                            ; post-synthesis    ; GND                                 ; The post-fitting netlist is not being used.  Set the partition's netlist type to source. ;
; auto_signaltap_0|gnd               ; post-fitting ; connected ; sld_signaltap:auto_signaltap_0 ; post-synthesis    ; sld_signaltap:auto_signaltap_0|~GND ; N/A                                                                                      ;
; auto_signaltap_0|gnd               ; post-fitting ; connected ; sld_signaltap:auto_signaltap_0 ; post-synthesis    ; sld_signaltap:auto_signaltap_0|~GND ; N/A                                                                                      ;
; auto_signaltap_0|gnd               ; post-fitting ; connected ; sld_signaltap:auto_signaltap_0 ; post-synthesis    ; sld_signaltap:auto_signaltap_0|~GND ; N/A                                                                                      ;
; auto_signaltap_0|gnd               ; post-fitting ; connected ; sld_signaltap:auto_signaltap_0 ; post-synthesis    ; sld_signaltap:auto_signaltap_0|~GND ; N/A                                                                                      ;
; auto_signaltap_0|gnd               ; post-fitting ; connected ; sld_signaltap:auto_signaltap_0 ; post-synthesis    ; sld_signaltap:auto_signaltap_0|~GND ; N/A                                                                                      ;
; auto_signaltap_0|gnd               ; post-fitting ; connected ; sld_signaltap:auto_signaltap_0 ; post-synthesis    ; sld_signaltap:auto_signaltap_0|~GND ; N/A                                                                                      ;
; auto_signaltap_0|gnd               ; post-fitting ; connected ; sld_signaltap:auto_signaltap_0 ; post-synthesis    ; sld_signaltap:auto_signaltap_0|~GND ; N/A                                                                                      ;
; auto_signaltap_0|gnd               ; post-fitting ; connected ; sld_signaltap:auto_signaltap_0 ; post-synthesis    ; sld_signaltap:auto_signaltap_0|~GND ; N/A                                                                                      ;
; auto_signaltap_0|gnd               ; post-fitting ; connected ; sld_signaltap:auto_signaltap_0 ; post-synthesis    ; sld_signaltap:auto_signaltap_0|~GND ; N/A                                                                                      ;
; auto_signaltap_0|gnd               ; post-fitting ; connected ; sld_signaltap:auto_signaltap_0 ; post-synthesis    ; sld_signaltap:auto_signaltap_0|~GND ; N/A                                                                                      ;
; auto_signaltap_0|vcc               ; post-fitting ; connected ; sld_signaltap:auto_signaltap_0 ; post-synthesis    ; sld_signaltap:auto_signaltap_0|~VCC ; N/A                                                                                      ;
; auto_signaltap_0|vcc               ; post-fitting ; connected ; sld_signaltap:auto_signaltap_0 ; post-synthesis    ; sld_signaltap:auto_signaltap_0|~VCC ; N/A                                                                                      ;
; auto_signaltap_0|vcc               ; post-fitting ; connected ; sld_signaltap:auto_signaltap_0 ; post-synthesis    ; sld_signaltap:auto_signaltap_0|~VCC ; N/A                                                                                      ;
; auto_signaltap_0|vcc               ; post-fitting ; connected ; sld_signaltap:auto_signaltap_0 ; post-synthesis    ; sld_signaltap:auto_signaltap_0|~VCC ; N/A                                                                                      ;
; auto_signaltap_0|vcc               ; post-fitting ; connected ; sld_signaltap:auto_signaltap_0 ; post-synthesis    ; sld_signaltap:auto_signaltap_0|~VCC ; N/A                                                                                      ;
; auto_signaltap_0|vcc               ; post-fitting ; connected ; sld_signaltap:auto_signaltap_0 ; post-synthesis    ; sld_signaltap:auto_signaltap_0|~VCC ; N/A                                                                                      ;
; auto_signaltap_0|vcc               ; post-fitting ; connected ; sld_signaltap:auto_signaltap_0 ; post-synthesis    ; sld_signaltap:auto_signaltap_0|~VCC ; N/A                                                                                      ;
; auto_signaltap_0|vcc               ; post-fitting ; connected ; sld_signaltap:auto_signaltap_0 ; post-synthesis    ; sld_signaltap:auto_signaltap_0|~VCC ; N/A                                                                                      ;
; auto_signaltap_0|vcc               ; post-fitting ; connected ; sld_signaltap:auto_signaltap_0 ; post-synthesis    ; sld_signaltap:auto_signaltap_0|~VCC ; N/A                                                                                      ;
; auto_signaltap_0|vcc               ; post-fitting ; connected ; sld_signaltap:auto_signaltap_0 ; post-synthesis    ; sld_signaltap:auto_signaltap_0|~VCC ; N/A                                                                                      ;
; auto_signaltap_0|vcc               ; post-fitting ; connected ; sld_signaltap:auto_signaltap_0 ; post-synthesis    ; sld_signaltap:auto_signaltap_0|~VCC ; N/A                                                                                      ;
; auto_signaltap_0|vcc               ; post-fitting ; connected ; sld_signaltap:auto_signaltap_0 ; post-synthesis    ; sld_signaltap:auto_signaltap_0|~VCC ; N/A                                                                                      ;
; auto_signaltap_0|vcc               ; post-fitting ; connected ; sld_signaltap:auto_signaltap_0 ; post-synthesis    ; sld_signaltap:auto_signaltap_0|~VCC ; N/A                                                                                      ;
; auto_signaltap_0|vcc               ; post-fitting ; connected ; sld_signaltap:auto_signaltap_0 ; post-synthesis    ; sld_signaltap:auto_signaltap_0|~VCC ; N/A                                                                                      ;
; auto_signaltap_0|vcc               ; post-fitting ; connected ; sld_signaltap:auto_signaltap_0 ; post-synthesis    ; sld_signaltap:auto_signaltap_0|~VCC ; N/A                                                                                      ;
; auto_signaltap_0|vcc               ; post-fitting ; connected ; sld_signaltap:auto_signaltap_0 ; post-synthesis    ; sld_signaltap:auto_signaltap_0|~VCC ; N/A                                                                                      ;
; auto_signaltap_0|vcc               ; post-fitting ; connected ; sld_signaltap:auto_signaltap_0 ; post-synthesis    ; sld_signaltap:auto_signaltap_0|~VCC ; N/A                                                                                      ;
; auto_signaltap_0|vcc               ; post-fitting ; connected ; sld_signaltap:auto_signaltap_0 ; post-synthesis    ; sld_signaltap:auto_signaltap_0|~VCC ; N/A                                                                                      ;
; auto_signaltap_0|vcc               ; post-fitting ; connected ; sld_signaltap:auto_signaltap_0 ; post-synthesis    ; sld_signaltap:auto_signaltap_0|~VCC ; N/A                                                                                      ;
; auto_signaltap_0|vcc               ; post-fitting ; connected ; sld_signaltap:auto_signaltap_0 ; post-synthesis    ; sld_signaltap:auto_signaltap_0|~VCC ; N/A                                                                                      ;
; auto_signaltap_0|vcc               ; post-fitting ; connected ; sld_signaltap:auto_signaltap_0 ; post-synthesis    ; sld_signaltap:auto_signaltap_0|~VCC ; N/A                                                                                      ;
; auto_signaltap_0|vcc               ; post-fitting ; connected ; sld_signaltap:auto_signaltap_0 ; post-synthesis    ; sld_signaltap:auto_signaltap_0|~VCC ; N/A                                                                                      ;
; baud_generator:BAUD_INST|baud_tick ; post-fitting ; connected ; Top                            ; post-synthesis    ; baud_generator:BAUD_INST|baud_tick  ; N/A                                                                                      ;
; baud_generator:BAUD_INST|baud_tick ; post-fitting ; connected ; Top                            ; post-synthesis    ; baud_generator:BAUD_INST|baud_tick  ; N/A                                                                                      ;
; tx_start                           ; post-fitting ; missing   ; Top                            ; post-synthesis    ; GND                                 ; The post-fitting netlist is not being used.  Set the partition's netlist type to source. ;
; tx_start                           ; post-fitting ; missing   ; Top                            ; post-synthesis    ; GND                                 ; The post-fitting netlist is not being used.  Set the partition's netlist type to source. ;
+------------------------------------+--------------+-----------+--------------------------------+-------------------+-------------------------------------+------------------------------------------------------------------------------------------+


+-------------------------------+
; Analysis & Synthesis Messages ;
+-------------------------------+
Info: *******************************************************************
Info: Running Quartus Prime Analysis & Synthesis
    Info: Version 16.1.0 Build 196 10/24/2016 SJ Lite Edition
    Info: Processing started: Fri Aug 07 19:45:36 2026
Info: Command: quartus_map --read_settings_files=on --write_settings_files=off UART_Top -c UART_Top
Warning (18236): Number of processors has not been specified which may cause overloading on shared machines.  Set the global assignment NUM_PARALLEL_PROCESSORS in your QSF to an appropriate value for best performance.
Info (20030): Parallel compilation is enabled and will use 4 of the 4 processors detected
Info (12021): Found 2 design units, including 1 entities, in source file uart_rx.vhd
    Info (12022): Found design unit 1: UART_RX-Behavioral File: C:/DE-10-Lite-MAX10-FPGA/DE-10-Lite-MAX10-FPGA/Projects/09_UART_Communication/UART_RX.vhd Line: 26
    Info (12023): Found entity 1: UART_RX File: C:/DE-10-Lite-MAX10-FPGA/DE-10-Lite-MAX10-FPGA/Projects/09_UART_Communication/UART_RX.vhd Line: 5
Info (12021): Found 2 design units, including 1 entities, in source file uart_tx.vhd
    Info (12022): Found design unit 1: UART_TX-Behavioral File: C:/DE-10-Lite-MAX10-FPGA/DE-10-Lite-MAX10-FPGA/Projects/09_UART_Communication/UART_TX.vhd Line: 26
    Info (12023): Found entity 1: UART_TX File: C:/DE-10-Lite-MAX10-FPGA/DE-10-Lite-MAX10-FPGA/Projects/09_UART_Communication/UART_TX.vhd Line: 5
Info (12021): Found 2 design units, including 1 entities, in source file uart_top.vhd
    Info (12022): Found design unit 1: UART_Top-Behavioral File: C:/DE-10-Lite-MAX10-FPGA/DE-10-Lite-MAX10-FPGA/Projects/09_UART_Communication/UART_Top.vhd Line: 21
    Info (12023): Found entity 1: UART_Top File: C:/DE-10-Lite-MAX10-FPGA/DE-10-Lite-MAX10-FPGA/Projects/09_UART_Communication/UART_Top.vhd Line: 5
Info (12021): Found 2 design units, including 1 entities, in source file baud_generator.vhd
    Info (12022): Found design unit 1: baud_generator-Behavioral File: C:/DE-10-Lite-MAX10-FPGA/DE-10-Lite-MAX10-FPGA/Projects/09_UART_Communication/baud_generator.vhd Line: 15
    Info (12023): Found entity 1: baud_generator File: C:/DE-10-Lite-MAX10-FPGA/DE-10-Lite-MAX10-FPGA/Projects/09_UART_Communication/baud_generator.vhd Line: 6
Info (12127): Elaborating entity "UART_Top" for the top level hierarchy
Warning (10036): Verilog HDL or VHDL warning at UART_Top.vhd(54): object "rx_valid" assigned a value but never read File: C:/DE-10-Lite-MAX10-FPGA/DE-10-Lite-MAX10-FPGA/Projects/09_UART_Communication/UART_Top.vhd Line: 54
Info (12128): Elaborating entity "baud_generator" for hierarchy "baud_generator:BAUD_INST" File: C:/DE-10-Lite-MAX10-FPGA/DE-10-Lite-MAX10-FPGA/Projects/09_UART_Communication/UART_Top.vhd Line: 73
Info (12128): Elaborating entity "UART_TX" for hierarchy "UART_TX:TX_INST" File: C:/DE-10-Lite-MAX10-FPGA/DE-10-Lite-MAX10-FPGA/Projects/09_UART_Communication/UART_Top.vhd Line: 91
Info (12128): Elaborating entity "UART_RX" for hierarchy "UART_RX:RX_INST" File: C:/DE-10-Lite-MAX10-FPGA/DE-10-Lite-MAX10-FPGA/Projects/09_UART_Communication/UART_Top.vhd Line: 125
Info (12021): Found 1 design units, including 1 entities, in source file db/altsyncram_so14.tdf
    Info (12023): Found entity 1: altsyncram_so14 File: C:/DE-10-Lite-MAX10-FPGA/DE-10-Lite-MAX10-FPGA/Projects/09_UART_Communication/db/altsyncram_so14.tdf Line: 32
Info (12021): Found 1 design units, including 1 entities, in source file db/decode_19a.tdf
    Info (12023): Found entity 1: decode_19a File: C:/DE-10-Lite-MAX10-FPGA/DE-10-Lite-MAX10-FPGA/Projects/09_UART_Communication/db/decode_19a.tdf Line: 23
Info (12021): Found 1 design units, including 1 entities, in source file db/mux_d3b.tdf
    Info (12023): Found entity 1: mux_d3b File: C:/DE-10-Lite-MAX10-FPGA/DE-10-Lite-MAX10-FPGA/Projects/09_UART_Communication/db/mux_d3b.tdf Line: 23
Info (12021): Found 1 design units, including 1 entities, in source file db/mux_k7c.tdf
    Info (12023): Found entity 1: mux_k7c File: C:/DE-10-Lite-MAX10-FPGA/DE-10-Lite-MAX10-FPGA/Projects/09_UART_Communication/db/mux_k7c.tdf Line: 23
Info (12021): Found 1 design units, including 1 entities, in source file db/decode_3af.tdf
    Info (12023): Found entity 1: decode_3af File: C:/DE-10-Lite-MAX10-FPGA/DE-10-Lite-MAX10-FPGA/Projects/09_UART_Communication/db/decode_3af.tdf Line: 23
Info (12021): Found 1 design units, including 1 entities, in source file db/cntr_gph.tdf
    Info (12023): Found entity 1: cntr_gph File: C:/DE-10-Lite-MAX10-FPGA/DE-10-Lite-MAX10-FPGA/Projects/09_UART_Communication/db/cntr_gph.tdf Line: 26
Info (12021): Found 1 design units, including 1 entities, in source file db/cntr_cni.tdf
    Info (12023): Found entity 1: cntr_cni File: C:/DE-10-Lite-MAX10-FPGA/DE-10-Lite-MAX10-FPGA/Projects/09_UART_Communication/db/cntr_cni.tdf Line: 26
Info (12021): Found 1 design units, including 1 entities, in source file db/cntr_8rh.tdf
    Info (12023): Found entity 1: cntr_8rh File: C:/DE-10-Lite-MAX10-FPGA/DE-10-Lite-MAX10-FPGA/Projects/09_UART_Communication/db/cntr_8rh.tdf Line: 28
Info (12021): Found 1 design units, including 1 entities, in source file db/cmpr_irb.tdf
    Info (12023): Found entity 1: cmpr_irb File: C:/DE-10-Lite-MAX10-FPGA/DE-10-Lite-MAX10-FPGA/Projects/09_UART_Communication/db/cmpr_irb.tdf Line: 23
Info (12021): Found 1 design units, including 1 entities, in source file db/cntr_odi.tdf
    Info (12023): Found entity 1: cntr_odi File: C:/DE-10-Lite-MAX10-FPGA/DE-10-Lite-MAX10-FPGA/Projects/09_UART_Communication/db/cntr_odi.tdf Line: 28
Info (12021): Found 1 design units, including 1 entities, in source file db/cmpr_drb.tdf
    Info (12023): Found entity 1: cmpr_drb File: C:/DE-10-Lite-MAX10-FPGA/DE-10-Lite-MAX10-FPGA/Projects/09_UART_Communication/db/cmpr_drb.tdf Line: 23
Info (12033): Analysis and Synthesis generated SignalTap II or debug node instance "auto_signaltap_0"
Info (11170): Starting IP generation for the debug fabric: alt_sld_fab.
Info (11172): 2026.08.07.19:46:01 Progress: Loading sldde1fd1b8/alt_sld_fab_wrapper_hw.tcl
Info (11172): Alt_sld_fab.alt_sld_fab: SLD fabric agents which did not specify prefer_host were connected to JTAG
Info (11172): Alt_sld_fab: Generating alt_sld_fab "alt_sld_fab" for QUARTUS_SYNTH
Info (11172): Alt_sld_fab: "alt_sld_fab" instantiated alt_sld_fab "alt_sld_fab"
Info (11172): Presplit: "alt_sld_fab" instantiated altera_super_splitter "presplit"
Info (11172): Splitter: "alt_sld_fab" instantiated altera_sld_splitter "splitter"
Info (11172): Sldfabric: "alt_sld_fab" instantiated altera_sld_jtag_hub "sldfabric"
Info (11172): Ident: "alt_sld_fab" instantiated altera_connection_identification_hub "ident"
Info (11172): Alt_sld_fab: Done "alt_sld_fab" with 6 modules, 6 files
Info (11171): Finished IP generation for the debug fabric: alt_sld_fab.
Info (12021): Found 1 design units, including 1 entities, in source file db/ip/sldde1fd1b8/alt_sld_fab.v
    Info (12023): Found entity 1: alt_sld_fab File: C:/DE-10-Lite-MAX10-FPGA/DE-10-Lite-MAX10-FPGA/Projects/09_UART_Communication/db/ip/sldde1fd1b8/alt_sld_fab.v Line: 9
Info (12021): Found 1 design units, including 1 entities, in source file db/ip/sldde1fd1b8/submodules/alt_sld_fab_alt_sld_fab.v
    Info (12023): Found entity 1: alt_sld_fab_alt_sld_fab File: C:/DE-10-Lite-MAX10-FPGA/DE-10-Lite-MAX10-FPGA/Projects/09_UART_Communication/db/ip/sldde1fd1b8/submodules/alt_sld_fab_alt_sld_fab.v Line: 9
Info (12021): Found 1 design units, including 1 entities, in source file db/ip/sldde1fd1b8/submodules/alt_sld_fab_alt_sld_fab_ident.sv
    Info (12023): Found entity 1: alt_sld_fab_alt_sld_fab_ident File: C:/DE-10-Lite-MAX10-FPGA/DE-10-Lite-MAX10-FPGA/Projects/09_UART_Communication/db/ip/sldde1fd1b8/submodules/alt_sld_fab_alt_sld_fab_ident.sv Line: 33
Info (12021): Found 1 design units, including 1 entities, in source file db/ip/sldde1fd1b8/submodules/alt_sld_fab_alt_sld_fab_presplit.sv
    Info (12023): Found entity 1: alt_sld_fab_alt_sld_fab_presplit File: C:/DE-10-Lite-MAX10-FPGA/DE-10-Lite-MAX10-FPGA/Projects/09_UART_Communication/db/ip/sldde1fd1b8/submodules/alt_sld_fab_alt_sld_fab_presplit.sv Line: 3
Info (12021): Found 2 design units, including 1 entities, in source file db/ip/sldde1fd1b8/submodules/alt_sld_fab_alt_sld_fab_sldfabric.vhd
    Info (12022): Found design unit 1: alt_sld_fab_alt_sld_fab_sldfabric-rtl File: C:/DE-10-Lite-MAX10-FPGA/DE-10-Lite-MAX10-FPGA/Projects/09_UART_Communication/db/ip/sldde1fd1b8/submodules/alt_sld_fab_alt_sld_fab_sldfabric.vhd Line: 102
    Info (12023): Found entity 1: alt_sld_fab_alt_sld_fab_sldfabric File: C:/DE-10-Lite-MAX10-FPGA/DE-10-Lite-MAX10-FPGA/Projects/09_UART_Communication/db/ip/sldde1fd1b8/submodules/alt_sld_fab_alt_sld_fab_sldfabric.vhd Line: 11
Info (12021): Found 1 design units, including 1 entities, in source file db/ip/sldde1fd1b8/submodules/alt_sld_fab_alt_sld_fab_splitter.sv
    Info (12023): Found entity 1: alt_sld_fab_alt_sld_fab_splitter File: C:/DE-10-Lite-MAX10-FPGA/DE-10-Lite-MAX10-FPGA/Projects/09_UART_Communication/db/ip/sldde1fd1b8/submodules/alt_sld_fab_alt_sld_fab_splitter.sv Line: 3
Info (13000): Registers with preset signals will power-up high File: C:/DE-10-Lite-MAX10-FPGA/DE-10-Lite-MAX10-FPGA/Projects/09_UART_Communication/UART_TX.vhd Line: 17
Info (13003): DEV_CLRn pin will set, and not reset, register with preset signal due to NOT Gate Push-Back
Warning (13024): Output pins are stuck at VCC or GND
    Warning (13410): Pin "LEDR[8]" is stuck at VCC File: C:/DE-10-Lite-MAX10-FPGA/DE-10-Lite-MAX10-FPGA/Projects/09_UART_Communication/UART_Top.vhd Line: 13
    Warning (13410): Pin "LEDR[9]" is stuck at VCC File: C:/DE-10-Lite-MAX10-FPGA/DE-10-Lite-MAX10-FPGA/Projects/09_UART_Communication/UART_Top.vhd Line: 13
Info (286031): Timing-Driven Synthesis is running on partition "Top"
Critical Warning (35025): Partially connected in-system debug instance "auto_signaltap_0" to 35 of its 41 required data inputs, trigger inputs, acquisition clocks, and dynamic pins.  There were 0 illegal, 0 inaccessible, and 6 missing sources or connections.
Info (16010): Generating hard_block partition "hard_block:auto_generated_inst"
    Info (16011): Adding 0 node(s), including 0 DDIO, 0 PLL, 0 transceiver and 0 LCELL
Info (21057): Implemented 1096 device resources after synthesis - the final resource count might be different
    Info (21058): Implemented 5 input pins
    Info (21059): Implemented 11 output pins
    Info (21061): Implemented 1015 logic cells
    Info (21064): Implemented 64 RAM segments
Info: Quartus Prime Analysis & Synthesis was successful. 0 errors, 6 warnings
    Info: Peak virtual memory: 4850 megabytes
    Info: Processing ended: Fri Aug 07 19:46:15 2026
    Info: Elapsed time: 00:00:39
    Info: Total CPU time (on all processors): 00:01:15


